Frecuencia(Hz),"	mm/Seg(PC)"
1.541016,0.88123
2.311523,0.662018
3.082031,0.666403
3.852539,0.578718
4.623047,0.447191
5.393555,0.436231
6.164063,0.339778
6.93457,0.346354
7.705078,0.355123
8.475586,0.403349
9.246094,0.381428
10.0166,0.460344
10.78711,0.359507
11.55762,0.317857
12.32813,0.346354
13.09863,0.423078
13.86914,0.596255
14.63965,0.554605
15.41016,0.960146
16.18066,0.819851
16.95117,0.372659
17.72168,0.309088
18.49219,0.298128
19.2627,0.293743
20.0332,0.180849
20.80371,0.274014
21.57422,0.240037
22.34473,0.243325
23.11523,0.189618
23.88574,0.282783
24.65625,0.274014
25.42676,0.18633
26.19727,0.165505
26.96777,0.135911
27.73828,0.135911
28.50879,0.126047
29.2793,0.158928
30.0498,0.201675
30.82031,0.118374
31.59082,0.271822
32.36133,0.248805
33.13184,0.366083
33.90234,0.317857
34.67285,0.180849
35.44336,0.190714
36.21387,0.137007
36.98438,0.113442
37.75488,0.104125
38.52539,0.154544
39.2959,0.102481
40.06641,0.151256
40.83691,0.23346
41.60742,0.113442
42.37793,0.095357
43.14844,0.061379
43.91895,0.063845
44.68945,0.07782
45.45996,0.081656
46.23047,0.102481
47.00098,0.18633
47.77148,0.245517
48.54199,1.008373
49.3125,1.490638
50.08301,0.523915
50.85352,0.11673
51.62402,0.11673
52.39453,0.098645
53.16504,0.081108
53.93555,0.073984
54.70605,0.056721
55.47656,0.052063
56.24707,0.047952
57.01758,0.060009
57.78809,0.07234
58.55859,0.07234
59.3291,0.0833
60.09961,0.073984
60.87012,0.073984
61.64063,0.087685
62.41113,0.154544
63.18164,0.23346
63.95215,0.184138
64.72266,0.211539
65.49316,0.143583
66.26367,0.093713
67.03418,0.097001
67.80469,0.059187
68.5752,0.044116
69.3457,0.046034
70.11621,0.058365
70.88672,0.055899
71.65723,0.038088
72.42773,0.045212
73.19824,0.075628
73.96875,0.143583
74.73926,0.102481
75.50977,0.068504
76.28027,0.04028
77.05078,0.052063
77.82129,0.070148
78.5918,0.0833
79.3623,0.098645
80.13281,0.088781
80.90332,0.134267
81.67383,0.115086
82.44434,0.189618
83.21484,0.151256
83.98535,0.059187
84.75586,0.047404
85.52637,0.046856
86.29688,0.061379
87.06738,0.049597
87.83789,0.042198
88.6084,0.037814
89.37891,0.040554
90.14941,0.052063
90.91992,0.04439
91.69043,0.032334
92.46094,0.026442
93.23145,0.037814
94.00195,0.035074
94.77246,0.049597
95.54297,0.077272
96.31348,0.245517
97.08398,0.23346
97.85449,0.255381
98.625,0.293743
99.39551,0.084944
100.166,0.066311
100.9365,0.033978
101.707,0.051241
102.4775,0.040554
103.248,0.034663
104.0186,0.037266
104.7891,0.026442
105.5596,0.044116
106.3301,0.049597
107.1006,0.057543
107.8711,0.063845
108.6416,0.056721
109.4121,0.040828
110.1826,0.03069
110.9531,0.04576
111.7236,0.050419
112.4941,0.059187
113.2646,0.063845
114.0352,0.071792
114.8057,0.047952
115.5762,0.046582
116.3467,0.055899
117.1172,0.031923
117.8877,0.026031
118.6582,0.040554
119.4287,0.054529
120.1992,0.034663
120.9697,0.032334
121.7402,0.035896
122.5107,0.033978
123.2813,0.050419
124.0518,0.044938
124.8223,0.031923
125.5928,0.035348
126.3633,0.033567
127.1338,0.040828
127.9043,0.033567
128.6748,0.055899
129.4453,0.057543
130.2158,0.071792
130.9863,0.066311
131.7568,0.058365
132.5273,0.046034
133.2979,0.047678
134.0684,0.050145
134.8389,0.04028
135.6094,0.03069
136.3799,0.056721
137.1504,0.075628
137.9209,0.049597
138.6914,0.070148
139.4619,0.098645
140.2324,0.070696
141.0029,0.099193
141.7734,0.107414
142.5439,0.088233
143.3145,0.129335
144.085,0.226884
144.8555,0.388004
145.626,0.872461
146.3965,0.618176
147.167,0.73655
147.9375,0.631329
148.708,0.194002
149.4785,0.130979
150.249,0.158928
151.0195,0.255381
151.79,0.141391
152.5605,0.031512
153.3311,0.039732
154.1016,0.026031
154.8721,0.031101
155.6426,0.038088
156.4131,0.042472
157.1836,0.036718
157.9541,0.051241
158.7246,0.053707
159.4951,0.055077
160.2656,0.097549
161.0361,0.226884
161.8066,0.147968
162.5771,0.113442
163.3477,0.074532
164.1182,0.176465
164.8887,0.143583
165.6592,0.127691
166.4297,0.168793
167.2002,0.208251
167.9707,0.23346
168.7412,0.282783
169.5117,0.271822
170.2822,0.298128
171.0527,0.346354
171.8232,0.447191
172.5938,0.423078
173.3643,0.436231
174.1348,0.339778
174.9053,0.268534
175.6758,0.201675
176.4463,0.248805
177.2168,0.255381
177.9873,0.38362
178.7578,0.271822
179.5283,0.152352
180.2988,0.104125
181.0693,0.180849
181.8398,0.147968
182.6104,0.137007
183.3809,0.111798
184.1514,0.129335
184.9219,0.115086
185.6924,0.076176
186.4629,0.090425
187.2334,0.0833
188.0039,0.074532
188.7744,0.081108
189.5449,0.099193
190.3154,0.115086
191.0859,0.082752
191.8564,0.113442
192.627,0.208251
193.3975,0.344162
194.168,0.176465
194.9385,0.172081
195.709,0.177561
196.4795,0.322241
197.25,0.218115
198.0205,0.073436
198.791,0.113442
199.5615,0.355123
200.332,0.355123
201.1025,0.118374
201.873,0.079464
202.6436,0.064667
203.4141,0.08604
204.1846,0.091521
204.9551,0.092069
205.7256,0.084944
206.4961,0.070696
207.2666,0.099193
208.0371,0.173177
208.8076,0.208251
209.5781,0.183042
210.3486,0.236748
211.1191,0.113442
211.8896,0.100837
212.6602,0.088233
213.4307,0.079464
214.2012,0.088233
214.9717,0.110154
215.7422,0.107414
216.5127,0.097549
217.2832,0.082752
218.0537,0.060831
218.8242,0.044116
219.5947,0.052063
220.3652,0.075628
221.1357,0.070148
221.9063,0.095357
222.6768,0.107414
223.4473,0.08056
224.2178,0.084396
224.9883,0.179753
225.7588,0.230172
226.5293,0.129335
227.2998,0.138651
228.0703,0.10577
228.8408,0.163313
229.6113,0.115086
230.3818,0.124402
231.1523,0.120018
231.9229,0.082752
232.6934,0.079464
233.4639,0.090425
234.2344,0.100289
235.0049,0.10577
235.7754,0.121662
236.5459,0.135911
237.3164,0.118374
238.0869,0.218115
238.8574,0.19181
239.6279,0.081108
240.3984,0.078916
241.1689,0.109058
241.9395,0.124402
242.71,0.149064
243.4805,0.127691
244.251,0.14468
245.0215,0.132623
245.792,0.274014
246.5625,0.204963
247.333,0.175369
248.1035,0.095357
248.874,0.095357
249.6445,0.11673
250.415,0.095905
251.1855,0.067956
251.9561,0.026853
252.7266,0.051241
253.4971,0.046034
254.2676,0.082752
255.0381,0.064667
255.8086,0.04302
256.5791,0.053707
257.3496,0.129335
258.1201,0.134267
258.8906,0.050145
259.6611,0.052885
260.4316,0.070148
261.2021,0.073984
261.9727,0.040554
262.7432,0.040554
263.5137,0.034252
264.2842,0.04165
265.0547,0.059187
265.8252,0.041376
266.5957,0.031101
267.3662,0.042472
268.1367,0.04439
268.9072,0.044116
269.6777,0.046582
270.4482,0.046034
271.2188,0.046582
271.9893,0.054529
272.7598,0.049323
273.5303,0.047952
274.3008,0.07234
275.0713,0.064667
275.8418,0.046856
276.6123,0.045212
277.3828,0.036718
278.1533,0.047678
278.9238,0.04165
279.6943,0.037266
280.4648,0.04576
281.2354,0.042472
282.0059,0.03617
282.7764,0.032745
283.5469,0.030416
284.3174,0.023839
285.0879,0.022058
285.8584,0.027949
286.6289,0.044938
287.3994,0.046034
288.1699,0.079464
288.9404,0.122758
289.7109,0.381428
290.4814,0.339778
291.252,0.126047
292.0225,0.089877
292.793,0.064667
293.5635,0.070148
294.334,0.027264
295.1045,0.028771
295.875,0.031512
296.6455,0.036992
297.416,0.027264
298.1865,0.027538
298.957,0.02288
299.7275,0.052063
300.498,0.054529
301.2686,0.031512
302.0391,0.027264
302.8096,0.027264
303.5801,0.03891
304.3506,0.047404
305.1211,0.051241
305.8916,0.039458
306.6621,0.038088
307.4326,0.051241
308.2031,0.031512
308.9736,0.045212
309.7441,0.044938
310.5146,0.042198
311.2852,0.141391
312.0557,0.88123
312.8262,1.021525
313.5967,0.268534
314.3672,0.064667
315.1377,0.030005
315.9082,0.03069
316.6787,0.019729
317.4492,0.02836
318.2197,0.035896
318.9902,0.03617
319.7607,0.027264
320.5313,0.023428
321.3018,0.036992
322.0723,0.07234
322.8428,0.055077
323.6133,0.029594
324.3838,0.019455
325.1543,0.02151
325.9248,0.023976
326.6953,0.02151
327.4658,0.024661
328.2363,0.019729
329.0068,0.016578
329.7773,0.016783
330.5479,0.016578
331.3184,0.017537
332.0889,0.030416
332.8594,0.03069
333.6299,0.023428
334.4004,0.031923
335.1709,0.027264
335.9414,0.014386
336.7119,0.019866
337.4824,0.04439
338.2529,0.036992
339.0234,0.039732
339.7939,0.027264
340.5645,0.016578
341.335,0.023976
342.1055,0.034252
342.876,0.029594
343.6465,0.047404
344.417,0.058365
345.1875,0.065489
345.958,0.08056
346.7285,0.030416
347.499,0.02425
348.2695,0.022195
349.04,0.017948
349.8105,0.019729
350.5811,0.019866
351.3516,0.022195
352.1221,0.02562
352.8926,0.070148
353.6631,0.074532
354.4336,0.067956
355.2041,0.04302
355.9746,0.017331
356.7451,0.015756
357.5156,0.02425
358.2861,0.015961
359.0566,0.013427
359.8271,0.019729
360.5977,0.021921
361.3682,0.024387
362.1387,0.019866
362.9092,0.014797
363.6797,0.021647
364.4502,0.033567
365.2207,0.03617
365.9912,0.023976
366.7617,0.021236
367.5322,0.03069
368.3027,0.026031
369.0732,0.022195
369.8438,0.019318
370.6143,0.031923
371.3848,0.039732
372.1553,0.023017
372.9258,0.019455
373.6963,0.017126
374.4668,0.016167
375.2373,0.023839
376.0078,0.023017
376.7783,0.016167
377.5488,0.019455
378.3193,0.01281
379.0898,0.015208
379.8604,0.015756
380.6309,0.023291
381.4014,0.032334
382.1719,0.027264
382.9424,0.02562
383.7129,0.031101
384.4834,0.082752
385.2539,0.127691
386.0244,1.157436
386.7949,2.016745
387.5654,0.872461
388.3359,0.132623
389.1064,0.0833
389.877,0.030005
390.6475,0.030416
391.418,0.033156
392.1885,0.026853
392.959,0.029594
393.7295,0.02836
394.5,0.020688
395.2705,0.022195
396.041,0.02562
396.8115,0.032745
397.582,0.033156
398.3525,0.029183
399.123,0.025072
399.8936,0.04302
400.6641,0.035348
401.4346,0.026853
402.2051,0.049597
402.9756,0.04028
403.7461,0.027538
404.5166,0.031512
405.2871,0.03617
406.0576,0.026853
406.8281,0.031101
407.5986,0.033978
408.3691,0.081656
409.1396,0.165505
409.9102,0.100289
410.6807,0.031923
411.4512,0.048501
412.2217,0.053707
412.9922,0.035896
413.7627,0.031512
414.5332,0.036992
415.3037,0.032334
416.0742,0.042198
416.8447,0.052063
417.6152,0.044116
418.3857,0.110154
419.1563,0.137007
419.9268,0.055077
420.6973,0.060009
421.4678,0.045212
422.2383,0.051241
423.0088,0.037814
423.7793,0.054529
424.5498,0.059187
425.3203,0.066311
426.0908,0.078916
426.8613,0.064667
427.6318,0.057543
428.4023,0.08604
429.1729,0.073984
429.9434,0.055077
430.7139,0.070696
431.4844,0.118374
432.2549,0.090425
433.0254,0.058365
433.7959,0.071792
434.5664,0.104125
435.3369,0.190714
436.1074,0.23346
436.8779,0.097001
437.6484,0.097001
438.4189,0.077272
439.1895,0.07234
439.96,0.086589
440.7305,0.0833
441.501,0.076176
442.2715,0.152352
443.042,0.115086
443.8125,0.066311
444.583,0.064667
445.3535,0.068504
446.124,0.08056
446.8945,0.084396
447.665,0.086589
448.4355,0.060831
449.2061,0.062201
449.9766,0.084396
450.7471,0.394581
451.5176,0.423078
452.2881,0.11673
453.0586,0.055899
453.8291,0.074532
454.5996,0.050145
455.3701,0.027538
456.1406,0.052885
456.9111,0.110154
457.6816,0.091521
458.4521,0.081108
459.2227,0.068504
459.9932,0.066311
460.7637,0.076176
461.5342,0.100837
462.3047,0.109058
463.0752,0.088781
463.8457,0.08604
464.6162,0.087685
465.3867,0.07782
466.1572,0.046856
466.9277,0.060831
467.6982,0.095905
468.4688,0.11673
469.2393,0.073984
470.0098,0.050419
470.7803,0.070148
471.5508,0.069326
472.3213,0.057543
473.0918,0.066311
473.8623,0.054529
474.6328,0.043842
475.4033,0.03891
476.1738,0.048501
476.9443,0.050145
477.7148,0.056721
478.4854,0.08056
479.2559,0.040828
480.0264,0.04576
480.7969,0.040554
481.5674,0.084944
482.3379,0.23346
483.1084,0.776008
483.8789,0.648866
484.6494,0.095357
485.4199,0.064667
486.1904,0.087685
486.9609,0.062201
487.7314,0.032334
488.502,0.038088
489.2725,0.027538
490.043,0.030005
490.8135,0.023428
491.584,0.017948
492.3545,0.022469
493.125,0.025209
493.8955,0.031512
494.666,0.025209
495.4365,0.030416
496.207,0.051241
496.9775,0.024387
497.748,0.014797
498.5186,0.027264
499.2891,0.03617
500.0596,0.038636
500.8301,0.02836
501.6006,0.030005
502.3711,0.04439
503.1416,0.024661
503.9121,0.013975
504.6826,0.01418
505.4531,0.031512
506.2236,0.035074
506.9941,0.024661
507.7646,0.025072
508.5352,0.023839
509.3057,0.022606
510.0762,0.023291
510.8467,0.015756
511.6172,0.013016
512.3877,0.020688
513.1582,0.023017
513.9287,0.02151
514.6992,0.081108
515.4697,0.198386
516.2402,0.129335
517.0107,0.029594
517.7813,0.025072
518.5518,0.031923
519.3223,0.02151
520.0928,0.021647
520.8633,0.034252
521.6338,0.041376
522.4043,0.029183
523.1748,0.018633
523.9453,0.020277
524.7158,0.024661
525.4863,0.038088
526.2568,0.038088
527.0273,0.035348
527.7979,0.064667
528.5684,0.086589
529.3389,0.036718
530.1094,0.037814
530.8799,0.052885
531.6504,0.030005
532.4209,0.04165
533.1914,0.026031
533.9619,0.03617
534.7324,0.033567
535.5029,0.03617
536.2734,0.027949
537.0439,0.039458
537.8145,0.051241
538.585,0.035074
539.3555,0.030416
540.126,0.074532
540.8965,0.115086
541.667,0.060831
542.4375,0.054529
543.208,0.048501
543.9785,0.051241
544.749,0.054529
545.5195,0.047404
546.29,0.056721
547.0605,0.053707
547.8311,0.069326
548.6016,0.055077
549.3721,0.052063
550.1426,0.063845
550.9131,0.113442
551.6836,0.092069
552.4541,0.064667
553.2246,0.046034
553.9951,0.056721
554.7656,0.066311
555.5361,0.064667
556.3066,0.070148
557.0771,0.066311
557.8477,0.0833
558.6182,0.110154
559.3887,0.118374
560.1592,0.14468
560.9297,0.120018
561.7002,0.079464
562.4707,0.060831
563.2412,0.066311
564.0117,0.11673
564.7822,0.162216
565.5527,0.104125
566.3232,0.079464
567.0938,0.07234
567.8643,0.090425
568.6348,0.08604
569.4053,0.07234
570.1758,0.052885
570.9463,0.054529
571.7168,0.065489
572.4873,0.044938
573.2578,0.042472
574.0283,0.036718
574.7988,0.036992
575.5693,0.039732
576.3398,0.04165
577.1104,0.044116
577.8809,0.049597
578.6514,0.070148
579.4219,0.168793
580.1924,0.268534
580.9629,0.113442
581.7334,0.055899
582.5039,0.061379
583.2744,0.065489
584.0449,0.041376
584.8154,0.032745
585.5859,0.020414
586.3564,0.015345
587.127,0.027538
587.8975,0.027538
588.668,0.02151
589.4385,0.052885
590.209,0.064667
590.9795,0.034252
591.75,0.020688
592.5205,0.01281
593.291,0.016989
594.0615,0.025209
594.832,0.028771
595.6025,0.031512
596.373,0.053707
597.1436,0.052063
597.9141,0.022058
598.6846,0.031923
599.4551,0.03617
600.2256,0.031512
600.9961,0.027538
601.7666,0.027264
602.5371,0.033156
603.3076,0.027949
604.0781,0.026442
604.8486,0.031101
605.6191,0.023839
606.3896,0.016783
607.1602,0.014797
607.9307,0.02151
608.7012,0.02836
609.4717,0.02288
610.2422,0.015756
611.0127,0.018907
611.7832,0.033567
612.5537,0.044116
613.3242,0.035074
614.0947,0.030005
614.8652,0.023291
615.6357,0.022058
616.4063,0.017674
617.1768,0.017674
617.9473,0.015756
618.7178,0.020688
619.4883,0.026442
620.2588,0.020277
621.0293,0.020414
621.7998,0.019729
622.5703,0.027264
623.3408,0.04576
624.1113,0.169889
624.8818,0.453768
625.6523,0.31128
626.4229,0.063023
627.1934,0.061379
627.9639,0.063023
628.7344,0.04302
629.5049,0.040828
630.2754,0.030005
631.0459,0.037814
631.8164,0.051241
632.5869,0.057543
633.3574,0.031512
634.1279,0.035896
634.8984,0.027538
635.6689,0.026853
636.4395,0.030416
637.21,0.064667
637.9805,0.090425
638.751,0.302512
639.5215,0.277302
640.292,0.059187
641.0625,0.035348
641.833,0.04028
642.6035,0.034663
643.374,0.040554
644.1445,0.058365
644.915,0.060009
645.6855,0.044938
646.4561,0.04028
647.2266,0.073984
647.9971,0.073984
648.7676,0.057543
649.5381,0.055077
650.3086,0.079464
651.0791,0.126047
651.8496,0.075628
652.6201,0.053707
653.3906,0.061379
654.1611,0.042198
654.9316,0.035074
655.7021,0.051241
656.4727,0.057543
657.2432,0.042472
658.0137,0.046856
658.7842,0.047404
659.5547,0.086589
660.3252,0.060009
661.0957,0.050419
661.8662,0.044938
662.6367,0.054529
663.4072,0.057543
664.1777,0.040828
664.9482,0.042472
665.7188,0.038636
666.4893,0.031512
667.2598,0.031923
668.0303,0.028771
668.8008,0.031512
669.5713,0.031512
670.3418,0.023017
671.1123,0.021236
671.8828,0.02836
672.6533,0.037266
673.4238,0.055899
674.1943,0.065489
674.9648,0.075628
675.7354,0.252093
676.5059,0.789161
677.2764,0.609408
678.0469,0.100837
678.8174,0.086589
679.5879,0.044938
680.3584,0.036718
681.1289,0.04028
681.8994,0.051241
682.6699,0.029594
683.4404,0.02562
684.2109,0.033156
684.9814,0.031923
685.752,0.031512
686.5225,0.048501
687.293,0.055077
688.0635,0.097549
688.834,0.109058
689.6045,0.11673
690.375,0.052885
691.1455,0.023428
691.916,0.023839
692.6865,0.030005
693.457,0.043842
694.2275,0.046582
694.998,0.031923
695.7686,0.026442
696.5391,0.030005
697.3096,0.032334
698.0801,0.02836
698.8506,0.060009
699.6211,0.065489
700.3916,0.032334
701.1621,0.02425
701.9326,0.038088
702.7031,0.031923
703.4736,0.026442
704.2441,0.031512
705.0146,0.032745
705.7852,0.040554
706.5557,0.055899
707.3262,0.054529
708.0967,0.035896
708.8672,0.082752
709.6377,0.067956
710.4082,0.037266
711.1787,0.027264
711.9492,0.031512
712.7197,0.027264
713.4902,0.015756
714.2607,0.02425
715.0313,0.027264
715.8018,0.028771
716.5723,0.034252
717.3428,0.031101
718.1133,0.037814
718.8838,0.047678
719.6543,0.054529
720.4248,0.046856
721.1953,0.068504
721.9658,0.060831
722.7363,0.031923
723.5068,0.063845
724.2773,0.095357
725.0479,0.063023
725.8184,0.034252
726.5889,0.034663
727.3594,0.030416
728.1299,0.04028
728.9004,0.032334
729.6709,0.032334
730.4414,0.038088
731.2119,0.037266
731.9824,0.038088
732.7529,0.038088
733.5234,0.033978
734.2939,0.035896
735.0645,0.035896
735.835,0.055899
736.6055,0.036718
737.376,0.04165
738.1465,0.042472
738.917,0.048775
739.6875,0.067134
740.458,0.052063
741.2285,0.035896
741.999,0.014386
742.7695,0.030416
743.54,0.034663
744.3105,0.04302
745.0811,0.03617
745.8516,0.033567
746.6221,0.033156
747.3926,0.037266
748.1631,0.037814
748.9336,0.026442
749.7041,0.02836
750.4746,0.033156
751.2451,0.034252
752.0156,0.045212
752.7861,0.04439
753.5566,0.042198
754.3271,0.046856
755.0977,0.03891
755.8682,0.039458
756.6387,0.04028
757.4092,0.046034
758.1797,0.054529
758.9502,0.039732
759.7207,0.037266
760.4912,0.053707
761.2617,0.071792
762.0322,0.063845
762.8027,0.027949
763.5732,0.044938
764.3438,0.045212
765.1143,0.030416
765.8848,0.03069
766.6553,0.022469
767.4258,0.029594
768.1963,0.063023
768.9668,0.055899
769.7373,0.046582
770.5078,0.031923
771.2783,0.088781
772.0488,0.141391
772.8193,0.762856
773.5898,1.131131
774.3604,0.423078
775.1309,0.11673
775.9014,0.065489
776.6719,0.040828
777.4424,0.035074
778.2129,0.03069
778.9834,0.032745
779.7539,0.040828
780.5244,0.04302
781.2949,0.029183
782.0654,0.02836
782.8359,0.042198
783.6064,0.053707
784.377,0.051241
785.1475,0.046034
785.918,0.060831
786.6885,0.064667
787.459,0.055899
788.2295,0.070148
789,0.143583
789.7705,0.122758
790.541,0.073984
791.3115,0.050419
792.082,0.055077
792.8525,0.04165
793.623,0.043294
794.3936,0.043842
795.1641,0.039458
795.9346,0.051241
796.7051,0.051241
797.4756,0.056721
798.2461,0.064667
799.0166,0.07782
799.7871,0.057543
800.5576,0.075628
801.3281,0.062201
802.0986,0.061379
802.8691,0.068504
803.6396,0.050419
804.4102,0.052885
805.1807,0.077272
805.9512,0.090425
806.7217,0.037266
807.4922,0.046582
808.2627,0.059187
809.0332,0.057543
809.8037,0.035074
810.5742,0.037266
811.3447,0.048775
812.1152,0.041376
812.8857,0.054529
813.6563,0.058365
814.4268,0.058365
815.1973,0.082752
815.9678,0.097001
816.7383,0.076176
817.5088,0.068504
818.2793,0.081656
819.0498,0.068504
819.8203,0.063023
820.5908,0.091521
821.3613,0.107414
822.1318,0.093713
822.9023,0.107414
823.6729,0.055899
824.4434,0.065489
825.2139,0.08604
825.9844,0.071792
826.7549,0.045212
827.5254,0.047404
828.2959,0.078916
829.0664,0.08604
829.8369,0.060831
830.6074,0.054529
831.3779,0.067134
832.1484,0.067134
832.9189,0.08604
833.6895,0.115086
834.46,0.097549
835.2305,0.127691
836.001,0.151256
836.7715,0.067134
837.542,0.165505
838.3125,0.165505
839.083,0.093713
839.8535,0.075628
840.624,0.07234
841.3945,0.090425
842.165,0.094809
842.9355,0.07234
843.7061,0.078916
844.4766,0.064667
845.2471,0.065489
846.0176,0.070696
846.7881,0.055077
847.5586,0.090425
848.3291,0.110154
849.0996,0.07234
849.8701,0.097001
850.6406,0.115086
851.4111,0.095905
852.1816,0.091521
852.9521,0.066311
853.7227,0.067956
854.4932,0.077272
855.2637,0.077272
856.0342,0.070696
856.8047,0.073984
857.5752,0.054529
858.3457,0.069326
859.1162,0.073984
859.8867,0.050419
860.6572,0.048501
861.4277,0.077272
862.1982,0.102481
862.9688,0.252093
863.7393,0.252093
864.5098,0.090425
865.2803,0.055077
866.0508,0.042198
866.8213,0.048501
867.5918,0.045212
868.3623,0.061379
869.1328,0.090425
869.9033,0.220307
870.6738,0.158928
871.4443,0.073984
872.2148,0.064667
872.9854,0.044938
873.7559,0.039732
874.5264,0.034252
875.2969,0.051241
876.0674,0.052063
876.8379,0.049323
877.6084,0.037266
878.3789,0.065489
879.1494,0.058365
879.9199,0.055077
880.6904,0.046856
881.4609,0.043842
882.2314,0.046856
883.002,0.051241
883.7725,0.038636
884.543,0.063845
885.3135,0.068504
886.084,0.097549
886.8545,0.138651
887.625,0.067956
888.3955,0.041376
889.166,0.047678
889.9365,0.035348
890.707,0.026442
891.4775,0.034663
892.248,0.048775
893.0186,0.049323
893.7891,0.043294
894.5596,0.042472
895.3301,0.057543
896.1006,0.057543
896.8711,0.058365
897.6416,0.054529
898.4121,0.065489
899.1826,0.070148
899.9531,0.036718
900.7236,0.02562
901.4941,0.071792
902.2646,0.107414
903.0352,0.070148
903.8057,0.064667
904.5762,0.044938
905.3467,0.037814
906.1172,0.031101
906.8877,0.038636
907.6582,0.03617
908.4287,0.033978
909.1992,0.033978
909.9697,0.035074
910.7402,0.053707
911.5107,0.058365
912.2813,0.035896
913.0518,0.03617
913.8223,0.049323
914.5928,0.057543
915.3633,0.067134
916.1338,0.04439
916.9043,0.046034
917.6748,0.052885
918.4453,0.026442
919.2158,0.027949
919.9863,0.042472
920.7568,0.043294
921.5273,0.036718
922.2979,0.029594
923.0684,0.03069
923.8389,0.033978
924.6094,0.04302
925.3799,0.033156
926.1504,0.03069
926.9209,0.033567
927.6914,0.031512
928.4619,0.036718
929.2324,0.03617
930.0029,0.035896
930.7734,0.032334
931.5439,0.04576
932.3145,0.056721
933.085,0.055077
933.8555,0.070148
934.626,0.065489
935.3965,0.03891
936.167,0.036992
936.9375,0.140295
937.708,0.214827
938.4785,0.081656
939.249,0.035896
940.0195,0.034252
940.79,0.034252
941.5605,0.032334
942.3311,0.040554
943.1016,0.037814
943.8721,0.034252
944.6426,0.029594
945.4131,0.045212
946.1836,0.047404
946.9541,0.049597
947.7246,0.04576
948.4951,0.041376
949.2656,0.039458
950.0361,0.042472
950.8066,0.034252
951.5771,0.042472
952.3477,0.02425
953.1182,0.03069
953.8887,0.039732
954.6592,0.047952
955.4297,0.041376
956.2002,0.039458
956.9707,0.04028
957.7412,0.035074
958.5117,0.035896
959.2822,0.026031
960.0527,0.033156
960.8232,0.04576
961.5938,0.060831
962.3643,0.050419
963.1348,0.046582
963.9053,0.064667
964.6758,0.071792
965.4463,0.067956
966.2168,0.166601
966.9873,0.236748
967.7578,0.094809
968.5283,0.035348
969.2988,0.049323
970.0693,0.07782
970.8398,0.043294
971.6104,0.027949
972.3809,0.030416
973.1514,0.027538
973.9219,0.032334
974.6924,0.034252
975.4629,0.031512
976.2334,0.031512
977.0039,0.037266
977.7744,0.035896
978.5449,0.031923
979.3154,0.032745
980.0859,0.031101
980.8564,0.036992
981.627,0.052885
982.3975,0.068504
983.168,0.076176
983.9385,0.056721
984.709,0.066311
985.4795,0.054529
986.25,0.027538
987.0205,0.039732
987.791,0.033156
988.5615,0.018085
989.332,0.026442
990.1025,0.027949
990.873,0.024661
991.6436,0.017126
992.4141,0.022195
993.1846,0.030416
993.9551,0.035896
994.7256,0.050419
995.4961,0.053707
996.2666,0.036718
997.0371,0.040554
997.8076,0.038088
998.5781,0.03069
999.3486,0.059187
1000.119,0.070148
1000.89,0.04028
1001.66,0.040828
1002.431,0.033567
1003.201,0.02288
1003.972,0.02151
1004.742,0.023976
1005.513,0.023976
1006.283,0.018633
1007.054,0.014591
1007.824,0.018907
1008.595,0.029594
1009.365,0.032745
1010.136,0.035074
1010.906,0.040828
1011.677,0.121662
1012.447,0.115086
1013.218,0.087685
1013.988,0.107414
1014.759,0.086589
1015.529,0.038636
1016.3,0.035896
1017.07,0.017331
1017.841,0.013016
1018.611,0.028771
1019.382,0.036992
1020.152,0.02288
1020.923,0.017948
1021.693,0.021236
1022.464,0.024387
1023.234,0.018085
1024.005,0.017331
1024.775,0.021099
1025.546,0.02151
1026.316,0.023976
1027.087,0.03069
1027.857,0.027538
1028.628,0.02425
1029.398,0.018907
1030.169,0.026031
1030.939,0.03617
1031.71,0.03617
1032.48,0.076176
1033.251,0.038088
1034.021,0.019866
1034.792,0.027538
1035.563,0.023976
1036.333,0.019455
1037.104,0.023702
1037.874,0.01555
1038.645,0.009865
1039.415,0.011851
1040.186,0.026442
1040.956,0.03617
1041.727,0.031923
1042.497,0.029183
1043.268,0.023017
1044.038,0.021099
1044.809,0.02014
1045.579,0.022606
1046.35,0.040554
1047.12,0.033567
1047.891,0.016578
1048.661,0.011235
1049.432,0.022195
1050.202,0.022606
1050.973,0.024387
1051.743,0.024387
1052.514,0.050419
1053.284,0.038088
1054.055,0.023976
1054.825,0.027538
1055.596,0.022195
1056.366,0.02562
1057.137,0.023702
1057.907,0.014386
1058.678,0.021921
1059.448,0.042198
1060.219,0.054529
1060.989,0.109058
1061.76,0.223596
1062.53,0.130979
1063.301,0.070696
1064.071,0.054529
1064.842,0.039732
1065.612,0.029183
1066.383,0.032745
1067.153,0.032334
1067.924,0.021647
1068.694,0.023291
1069.465,0.030005
1070.235,0.031101
1071.006,0.031512
1071.776,0.022469
1072.547,0.016578
1073.317,0.016578
1074.088,0.020414
1074.858,0.023839
1075.629,0.030005
1076.399,0.046856
1077.17,0.055899
1077.94,0.047952
1078.711,0.043842
1079.481,0.049597
1080.252,0.033156
1081.022,0.04302
1081.793,0.050419
1082.563,0.030005
1083.334,0.026442
1084.104,0.021099
1084.875,0.018085
1085.646,0.036992
1086.416,0.041376
1087.187,0.026853
1087.957,0.033567
1088.728,0.026853
1089.498,0.017948
1090.269,0.023428
1091.039,0.017948
1091.81,0.02836
1092.58,0.026853
1093.351,0.032745
1094.121,0.036992
1094.892,0.030416
1095.662,0.03069
1096.433,0.022606
1097.203,0.022469
1097.974,0.020825
1098.744,0.023839
1099.515,0.029183
1100.285,0.031512
1101.056,0.038636
1101.826,0.064667
1102.597,0.034252
1103.367,0.031923
1104.138,0.034663
1104.908,0.04302
1105.679,0.053707
1106.449,0.046856
1107.22,0.04576
1107.99,0.066311
1108.761,0.183042
1109.531,0.243325
1110.302,0.833003
1111.072,1.297732
1111.843,0.554605
1112.613,0.240037
1113.384,0.121662
1114.154,0.053707
1114.925,0.036718
1115.695,0.023976
1116.466,0.031101
1117.236,0.035896
1118.007,0.041376
1118.777,0.032334
1119.548,0.02425
1120.318,0.030416
1121.089,0.028771
1121.859,0.027949
1122.63,0.033156
1123.4,0.029183
1124.171,0.030416
1124.941,0.027264
1125.712,0.040554
1126.482,0.110154
1127.253,0.098645
1128.023,0.04165
1128.794,0.023839
1129.564,0.026031
1130.335,0.039458
1131.105,0.035896
1131.876,0.020825
1132.646,0.02836
1133.417,0.034252
1134.188,0.017537
1134.958,0.026442
1135.729,0.019866
1136.499,0.016989
1137.27,0.023291
1138.04,0.020825
1138.811,0.026031
1139.581,0.023291
1140.352,0.020688
1141.122,0.028771
1141.893,0.026031
1142.663,0.019044
1143.434,0.023428
1144.204,0.02562
1144.975,0.042472
1145.745,0.030005
1146.516,0.02562
1147.286,0.018085
1148.057,0.019318
1148.827,0.026031
1149.598,0.027538
1150.368,0.038636
1151.139,0.055077
1151.909,0.055077
1152.68,0.036992
1153.45,0.033156
1154.221,0.038636
1154.991,0.029183
1155.762,0.028771
1156.532,0.028771
1157.303,0.052885
1158.073,0.127691
1158.844,0.149064
1159.614,0.561181
1160.385,0.701477
1161.155,0.243325
1161.926,0.177561
1162.696,0.073984
1163.467,0.023976
1164.237,0.023017
1165.008,0.02562
1165.778,0.02562
1166.549,0.030416
1167.319,0.020414
1168.09,0.021236
1168.86,0.023291
1169.631,0.024387
1170.401,0.016783
1171.172,0.020414
1171.942,0.03069
1172.713,0.030005
1173.483,0.043294
1174.254,0.034252
1175.024,0.062201
1175.795,0.152352
1176.565,0.095905
1177.336,0.068504
1178.106,0.052063
1178.877,0.033567
1179.647,0.048775
1180.418,0.033156
1181.188,0.031101
1181.959,0.038088
1182.729,0.032334
1183.5,0.026853
1184.271,0.015002
1185.041,0.023839
1185.812,0.036718
1186.582,0.036718
1187.353,0.029183
1188.123,0.033978
1188.894,0.027949
1189.664,0.025209
1190.435,0.026031
1191.205,0.040554
1191.976,0.050419
1192.746,0.034252
1193.517,0.02288
1194.287,0.03617
1195.058,0.026442
1195.828,0.019866
1196.599,0.017674
1197.369,0.022606
1198.14,0.022606
1198.91,0.025209
1199.681,0.026442
1200.451,0.02836
1201.222,0.02562
1201.992,0.032334
1202.763,0.031512
1203.533,0.046582
1204.304,0.050419
1205.074,0.053707
1205.845,0.04439
1206.615,0.092069
1207.386,0.211539
1208.156,0.361699
1208.927,1.245121
1209.697,1.157436
1210.468,0.277302
1211.238,0.211539
1212.009,0.065489
1212.779,0.051241
1213.55,0.021921
1214.32,0.023839
1215.091,0.023976
1215.861,0.017948
1216.632,0.023291
1217.402,0.017126
1218.173,0.017948
1218.943,0.022058
1219.714,0.018359
1220.484,0.02014
1221.255,0.024798
1222.025,0.029183
1222.796,0.030005
1223.566,0.031512
1224.337,0.047952
1225.107,0.087685
1225.878,0.046856
1226.648,0.017331
1227.419,0.014797
1228.189,0.019318
1228.96,0.018633
1229.73,0.018496
1230.501,0.011988
1231.271,0.017537
1232.042,0.019318
1232.813,0.013016
1233.583,0.016578
1234.354,0.023428
1235.124,0.016372
1235.895,0.012399
1236.665,0.016989
1237.436,0.017331
1238.206,0.016167
1238.977,0.007672
1239.747,0.013632
1240.518,0.017126
1241.288,0.023839
1242.059,0.021236
1242.829,0.011988
1243.6,0.007501
1244.37,0.013016
1245.141,0.016372
1245.911,0.01144
1246.682,0.011029
1247.452,0.017126
1248.223,0.019866
1248.993,0.033567
1249.764,0.10577
1250.534,0.100837
1251.305,0.033156
1252.075,0.030416
1252.846,0.021647
1253.616,0.029183
1254.387,0.029183
1255.157,0.03891
1255.928,0.052063
1256.698,0.091521
1257.469,0.070696
1258.239,0.107414
1259.01,0.068504
1259.78,0.022469
1260.551,0.027538
1261.321,0.018633
1262.092,0.01281
1262.862,0.012605
1263.633,0.012605
1264.403,0.017537
1265.174,0.01555
1265.944,0.017331
1266.715,0.016167
1267.485,0.018496
1268.256,0.020277
1269.026,0.01144
1269.797,0.017948
1270.567,0.017674
1271.338,0.012399
1272.108,0.016578
1272.879,0.015961
1273.649,0.023839
1274.42,0.02562
1275.19,0.016372
1275.961,0.017126
1276.731,0.016167
1277.502,0.027264
1278.272,0.034663
1279.043,0.02562
1279.813,0.016167
1280.584,0.017126
1281.354,0.016372
1282.125,0.019318
1282.896,0.017126
1283.666,0.017537
1284.437,0.013769
1285.207,0.017331
1285.978,0.021099
1286.748,0.019866
1287.519,0.016167
1288.289,0.026442
1289.06,0.036718
1289.83,0.027538
1290.601,0.026442
1291.371,0.021236
1292.142,0.018496
1292.912,0.013769
1293.683,0.014797
1294.453,0.020277
1295.224,0.017674
1295.994,0.014386
1296.765,0.018085
1297.535,0.015961
1298.306,0.015345
1299.076,0.016578
1299.847,0.018907
1300.617,0.017331
1301.388,0.03069
1302.158,0.037814
1302.929,0.027538
1303.699,0.038088
1304.47,0.052063
1305.24,0.031512
1306.011,0.029594
1306.781,0.022058
1307.552,0.03617
1308.322,0.041376
1309.093,0.027538
1309.863,0.01281
1310.634,0.012399
1311.404,0.021921
1312.175,0.023291
1312.945,0.020277
1313.716,0.019044
1314.486,0.017948
1315.257,0.023017
1316.027,0.019866
1316.798,0.018907
1317.568,0.019318
1318.339,0.016167
1319.109,0.018085
1319.88,0.02014
1320.65,0.023702
1321.421,0.027538
1322.191,0.026853
1322.962,0.026853
1323.732,0.048501
1324.503,0.060831
1325.273,0.02425
1326.044,0.031101
1326.814,0.088233
1327.585,0.094809
1328.355,0.034252
1329.126,0.026031
1329.896,0.019729
1330.667,0.017948
1331.438,0.01555
1332.208,0.013221
1332.979,0.016167
1333.749,0.017126
1334.52,0.013632
1335.29,0.011851
1336.061,0.019729
1336.831,0.020688
1337.602,0.012605
1338.372,0.01144
1339.143,0.013221
1339.913,0.017674
1340.684,0.014386
1341.454,0.015961
1342.225,0.020277
1342.995,0.021099
1343.766,0.011029
1344.536,0.009248
1345.307,0.013975
1346.077,0.014797
1346.848,0.018633
1347.618,0.023428
1348.389,0.027949
1349.159,0.019318
1349.93,0.026442
1350.7,0.027949
1351.471,0.023291
1352.241,0.031923
1353.012,0.048775
1353.782,0.056721
1354.553,0.058365
1355.323,0.055077
1356.094,0.036718
1356.864,0.056721
1357.635,0.035896
1358.405,0.031101
1359.176,0.03891
1359.946,0.030005
1360.717,0.031923
1361.487,0.029594
1362.258,0.021647
1363.028,0.026442
1363.799,0.031512
1364.569,0.033978
1365.34,0.031101
1366.11,0.027264
1366.881,0.031512
1367.651,0.04576
1368.422,0.046034
1369.192,0.038088
1369.963,0.035348
1370.733,0.035896
1371.504,0.030416
1372.274,0.027949
1373.045,0.037266
1373.815,0.045212
1374.586,0.055899
1375.356,0.067956
1376.127,0.175369
1376.897,0.147968
1377.668,0.052063
1378.438,0.045212
1379.209,0.021921
1379.979,0.018359
1380.75,0.02562
1381.521,0.027949
1382.291,0.030005
1383.062,0.028771
1383.832,0.018633
1384.603,0.02288
1385.373,0.031923
1386.144,0.035074
1386.914,0.033978
1387.685,0.03069
1388.455,0.03617
1389.226,0.035896
1389.996,0.053707
1390.767,0.04302
1391.537,0.025072
1392.308,0.020825
1393.078,0.021099
1393.849,0.018496
1394.619,0.017126
1395.39,0.018633
1396.16,0.026853
1396.931,0.048775
1397.701,0.060831
1398.472,0.074532
1399.242,0.060009
1400.013,0.07782
1400.783,0.157832
1401.554,0.122758
1402.324,0.14468
1403.095,0.143583
1403.865,0.084944
1404.636,0.084396
1405.406,0.040828
1406.177,0.033567
1406.947,0.02836
1407.718,0.027264
1408.488,0.017126
1409.259,0.020277
1410.029,0.029594
1410.8,0.033567
1411.57,0.031923
1412.341,0.031923
1413.111,0.027264
1413.882,0.03069
1414.652,0.026853
1415.423,0.029183
1416.193,0.036992
1416.964,0.050419
1417.734,0.031512
1418.505,0.018633
1419.275,0.018359
1420.046,0.020277
1420.816,0.020277
1421.587,0.018907
1422.357,0.022469
1423.128,0.022606
1423.898,0.024661
1424.669,0.030416
1425.439,0.065489
1426.21,0.054529
1426.98,0.024387
1427.751,0.023291
1428.521,0.020414
1429.292,0.019455
1430.063,0.018907
1430.833,0.015345
1431.604,0.022058
1432.374,0.021236
1433.145,0.018907
1433.915,0.014386
1434.686,0.019318
1435.456,0.015756
1436.227,0.019729
1436.997,0.027949
1437.768,0.056721
1438.538,0.079464
1439.309,0.055899
1440.079,0.03069
1440.85,0.020688
1441.62,0.021236
1442.391,0.033978
1443.161,0.037266
1443.932,0.02562
1444.702,0.035348
1445.473,0.069326
1446.243,0.110154
1447.014,0.054529
1447.784,0.077272
1448.555,0.132623
1449.325,0.07782
1450.096,0.092069
1450.866,0.062201
1451.637,0.035896
1452.407,0.031923
1453.178,0.022606
1453.948,0.021921
1454.719,0.027264
1455.489,0.024798
1456.26,0.02151
1457.03,0.033156
1457.801,0.028771
1458.571,0.026442
1459.342,0.027949
1460.112,0.034252
1460.883,0.052063
1461.653,0.067134
1462.424,0.077272
1463.194,0.10577
1463.965,0.23346
1464.735,0.230172
1465.506,0.100289
1466.276,0.100289
1467.047,0.049597
1467.817,0.040828
1468.588,0.029183
1469.358,0.027264
1470.129,0.027949
1470.899,0.024798
1471.67,0.027538
1472.44,0.047404
1473.211,0.047952
1473.981,0.04165
1474.752,0.069326
1475.522,0.043294
1476.293,0.050419
1477.063,0.033156
1477.834,0.036992
1478.604,0.02836
1479.375,0.029594
1480.146,0.020414
1480.916,0.04028
1481.687,0.048775
1482.457,0.037814
1483.228,0.033156
1483.998,0.04439
1484.769,0.048775
1485.539,0.062201
1486.31,0.063845
1487.08,0.120018
1487.851,0.274014
1488.621,0.322241
1489.392,0.163313
1490.162,0.146872
1490.933,0.095905
1491.703,0.08056
1492.474,0.054529
1493.244,0.058365
1494.015,0.063845
1494.785,0.10577
1495.556,0.134267
1496.326,0.102481
1497.097,0.172081
1497.867,0.243325
1498.638,0.344162
1499.408,0.504186
1500.179,0.261958
1500.949,0.175369
1501.72,0.100837
1502.49,0.048775
1503.261,0.042198
1504.031,0.042472
1504.802,0.047678
1505.572,0.024661
1506.343,0.031512
1507.113,0.035348
1507.884,0.049597
1508.654,0.052063
1509.425,0.055077
1510.195,0.126047
1510.966,0.124402
1511.736,0.092069
1512.507,0.140295
1513.277,0.317857
1514.048,0.223596
1514.818,0.084944
1515.589,0.071792
1516.359,0.04165
1517.13,0.068504
1517.9,0.047404
1518.671,0.034663
1519.441,0.047678
1520.212,0.048775
1520.982,0.07234
1521.753,0.10577
1522.523,0.067956
1523.294,0.121662
1524.064,0.158928
1524.835,0.081108
1525.605,0.089877
1526.376,0.050419
1527.146,0.060831
1527.917,0.063023
1528.688,0.066311
1529.458,0.049597
1530.229,0.043842
1530.999,0.043842
1531.77,0.042472
1532.54,0.042472
1533.311,0.047952
1534.081,0.044938
1534.852,0.059187
1535.622,0.143583
1536.393,0.304704
1537.163,0.220307
1537.934,0.120018
1538.704,0.104125
1539.475,0.07782
1540.245,0.073984
1541.016,0.184138
1541.786,0.208251
1542.557,0.111798
1543.327,0.076176
1544.098,0.127691
1544.868,0.19181
1545.639,0.180849
1546.409,0.578718
1547.18,0.609408
1547.95,0.302512
1548.721,0.277302
1549.491,0.177561
1550.262,0.236748
1551.032,0.132623
1551.803,0.070148
1552.573,0.100837
1553.344,0.102481
1554.114,0.063845
1554.885,0.097001
1555.655,0.087685
1556.426,0.104125
1557.196,0.157832
1557.967,0.173177
1558.737,0.127691
1559.508,0.274014
1560.278,0.355123
1561.049,0.62256
1561.819,1.718618
1562.59,3.209255
1563.36,1.815071
1564.131,0.65325
1564.901,0.381428
1565.672,0.304704
1566.442,0.18633
1567.213,0.132623
1567.983,0.120018
1568.754,0.104125
1569.524,0.102481
1570.295,0.100837
1571.065,0.110154
1571.836,0.100289
1572.606,0.129335
1573.377,0.135911
1574.147,0.107414
1574.918,0.154544
1575.688,0.08604
1576.459,0.067956
1577.229,0.070148
1578,0.076176
1578.771,0.088781
1579.541,0.067134
1580.312,0.079464
1581.082,0.137007
1581.853,0.104125
1582.623,0.049597
1583.394,0.054529
1584.164,0.081656
1584.935,0.100837
1585.705,0.070148
1586.476,0.093165
1587.246,0.109058
1588.017,0.124402
1588.787,0.198386
1589.558,0.113442
1590.328,0.070148
1591.099,0.0833
1591.869,0.08056
1592.64,0.143583
1593.41,0.118374
1594.181,0.10577
1594.951,0.137007
1595.722,0.255381
1596.492,0.220307
1597.263,0.138651
1598.033,0.134267
1598.804,0.062201
1599.574,0.076176
1600.345,0.04576
1601.115,0.039732
1601.886,0.043842
1602.656,0.046034
1603.427,0.035348
1604.197,0.033567
1604.968,0.04028
1605.738,0.047404
1606.509,0.049597
1607.279,0.048501
1608.05,0.040828
1608.82,0.055899
1609.591,0.127691
1610.361,0.151256
1611.132,0.093165
1611.902,0.055899
1612.673,0.036992
1613.443,0.050419
1614.214,0.070696
1614.984,0.07234
1615.755,0.051241
1616.525,0.044116
1617.296,0.030416
1618.066,0.034252
1618.837,0.042198
1619.607,0.048775
1620.378,0.081656
1621.148,0.082752
1621.919,0.0833
1622.689,0.094809
1623.46,0.097001
1624.23,0.115086
1625.001,0.046582
1625.771,0.035896
1626.542,0.034252
1627.313,0.031101
1628.083,0.03617
1628.854,0.040828
1629.624,0.033156
1630.395,0.032745
1631.165,0.043294
1631.936,0.055077
1632.706,0.045212
1633.477,0.037266
1634.247,0.068504
1635.018,0.094809
1635.788,0.100289
1636.559,0.151256
1637.329,0.109058
1638.1,0.053707
1638.87,0.057543
1639.641,0.074532
1640.411,0.067956
1641.182,0.158928
1641.952,0.258669
1642.723,0.236748
1643.493,0.337586
1644.264,0.226884
1645.034,0.396773
1645.805,0.287167
1646.575,0.115086
1647.346,0.081108
1648.116,0.045212
1648.887,0.046034
1649.657,0.04165
1650.428,0.035896
1651.198,0.042198
1651.969,0.047404
1652.739,0.048501
1653.51,0.04165
1654.28,0.030416
1655.051,0.034663
1655.821,0.052885
1656.592,0.066311
1657.362,0.075628
1658.133,0.104125
1658.903,0.14468
1659.674,0.187426
1660.444,0.374852
1661.215,0.46692
1661.985,0.223596
1662.756,0.16112
1663.526,0.055077
1664.297,0.050145
1665.067,0.031512
1665.838,0.038636
1666.608,0.054529
1667.379,0.104125
1668.149,0.157832
1668.92,0.0833
1669.69,0.115086
1670.461,0.086589
1671.231,0.102481
1672.002,0.073984
1672.772,0.055077
1673.543,0.053707
1674.313,0.028771
1675.084,0.03617
1675.854,0.042198
1676.625,0.037814
1677.396,0.032334
1678.166,0.03069
1678.937,0.021236
1679.707,0.02836
1680.478,0.034252
1681.248,0.019729
1682.019,0.025072
1682.789,0.02562
1683.56,0.025072
1684.33,0.021921
1685.101,0.030005
1685.871,0.030005
1686.642,0.030005
1687.412,0.021236
1688.183,0.019455
1688.953,0.034663
1689.724,0.036718
1690.494,0.062201
1691.265,0.082752
1692.035,0.063845
1692.806,0.095905
1693.576,0.052063
1694.347,0.060009
1695.117,0.041376
1695.888,0.028771
1696.658,0.019455
1697.429,0.014797
1698.199,0.016372
1698.97,0.016989
1699.74,0.013975
1700.511,0.015345
1701.281,0.016372
1702.052,0.021099
1702.822,0.018085
1703.593,0.012194
1704.363,0.011988
1705.134,0.013975
1705.904,0.020414
1706.675,0.047404
1707.445,0.038088
1708.216,0.023976
1708.986,0.021236
1709.757,0.035074
1710.527,0.039458
1711.298,0.025072
1712.068,0.018907
1712.839,0.015002
1713.609,0.014386
1714.38,0.020277
1715.15,0.019318
1715.921,0.018496
1716.691,0.03617
1717.462,0.037814
1718.232,0.094809
1719.003,0.143583
1719.773,0.0833
1720.544,0.077272
1721.314,0.036718
1722.085,0.031101
1722.855,0.018907
1723.626,0.013016
1724.396,0.016167
1725.167,0.012399
1725.938,0.018496
1726.708,0.023291
1727.479,0.013632
1728.249,0.008666
1729.02,0.011988
1729.79,0.015345
1730.561,0.01418
1731.331,0.015756
1732.102,0.014386
1732.872,0.013632
1733.643,0.015961
1734.413,0.01007
1735.184,0.022469
1735.954,0.03069
1736.725,0.021099
1737.495,0.020825
1738.266,0.026442
1739.036,0.033978
1739.807,0.113442
1740.577,0.113442
1741.348,0.094809
1742.118,0.109058
1742.889,0.051241
1743.659,0.035896
1744.43,0.02562
1745.2,0.026853
1745.971,0.017674
1746.741,0.012399
1747.512,0.01281
1748.282,0.018359
1749.053,0.017126
1749.823,0.013221
1750.594,0.013975
1751.364,0.021099
1752.135,0.022058
1752.905,0.019729
1753.676,0.011646
1754.446,0.02151
1755.217,0.021647
1755.987,0.029183
1756.758,0.051241
1757.528,0.095357
1758.299,0.061379
1759.069,0.03617
1759.84,0.028771
1760.61,0.022469
1761.381,0.016167
1762.151,0.016372
1762.922,0.017126
1763.692,0.014797
1764.463,0.019866
1765.233,0.015002
1766.004,0.016167
1766.774,0.015208
1767.545,0.015002
1768.315,0.014797
1769.086,0.024798
1769.856,0.047404
1770.627,0.032745
1771.397,0.018359
1772.168,0.009042
1772.938,0.008666
1773.709,0.007878
1774.479,0.010618
1775.25,0.012194
1776.021,0.018496
1776.791,0.036992
1777.562,0.033156
1778.332,0.036992
1779.103,0.026442
1779.873,0.012399
1780.644,0.009659
1781.414,0.010618
1782.185,0.010207
1782.955,0.011988
1783.726,0.011646
1784.496,0.015345
1785.267,0.02288
1786.037,0.016578
1786.808,0.012605
1787.578,0.023839
1788.349,0.026031
1789.119,0.052885
1789.89,0.040828
1790.66,0.019044
1791.431,0.019866
1792.201,0.012399
1792.972,0.013632
1793.742,0.00572
1794.513,0.005926
1795.283,0.007296
1796.054,0.005309
1796.824,0.004333
1797.595,0.00572
1798.365,0.005104
1799.136,0.009659
1799.906,0.007672
1800.677,0.008666
1801.447,0.008837
1802.218,0.007878
1802.988,0.011029
1803.759,0.010618
1804.529,0.006508
1805.3,0.009248
1806.07,0.009248
1806.841,0.009659
1807.611,0.008666
1808.382,0.008666
1809.152,0.005309
1809.923,0.00572
1810.693,0.003751
1811.464,0.004932
1812.234,0.005926
1813.005,0.006885
1813.775,0.007296
1814.546,0.004932
1815.316,0.008837
1816.087,0.013769
1816.857,0.02836
1817.628,0.022606
1818.398,0.012194
1819.169,0.010207
1819.939,0.006097
1820.71,0.008666
1821.48,0.00572
1822.251,0.006302
1823.021,0.005104
1823.792,0.004144
1824.563,0.006508
1825.333,0.008289
1826.104,0.008083
1826.874,0.005309
1827.645,0.005309
1828.415,0.005309
1829.186,0.00572
1829.956,0.005515
1830.727,0.004932
1831.497,0.00709
1832.268,0.006302
1833.038,0.006097
1833.809,0.017948
1834.579,0.022195
1835.35,0.011029
1836.12,0.018496
1836.891,0.029183
1837.661,0.023291
1838.432,0.031923
1839.202,0.019866
1839.973,0.009248
1840.743,0.005926
1841.514,0.009865
1842.284,0.008666
1843.055,0.004727
1843.825,0.006097
1844.596,0.006713
1845.366,0.006097
1846.137,0.007296
1846.907,0.009453
1847.678,0.01281
1848.448,0.023976
1849.219,0.031923
1849.989,0.018633
1850.76,0.01418
1851.53,0.011646
1852.301,0.019729
1853.071,0.019455
1853.842,0.01144
1854.612,0.013769
1855.383,0.010618
1856.153,0.007672
1856.924,0.00709
1857.694,0.00709
1858.465,0.007878
1859.235,0.007501
1860.006,0.004144
1860.776,0.00572
1861.547,0.009248
1862.317,0.010618
1863.088,0.01144
1863.858,0.010207
1864.629,0.013769
1865.399,0.011029
1866.17,0.021099
1866.94,0.03069
1867.711,0.074532
1868.481,0.065489
1869.252,0.028771
1870.022,0.032334
1870.793,0.016167
1871.563,0.011646
1872.334,0.020688
1873.104,0.029594
1873.875,0.039458
1874.646,0.086589
1875.416,0.102481
1876.187,0.04439
1876.957,0.033978
1877.728,0.015345
1878.498,0.01144
1879.269,0.008083
1880.039,0.006713
1880.81,0.005515
1881.58,0.007672
1882.351,0.00709
1883.121,0.00709
1883.892,0.017331
1884.662,0.022058
1885.433,0.011851
1886.203,0.009042
1886.974,0.00709
1887.744,0.006508
1888.515,0.005515
1889.285,0.005926
1890.056,0.00572
1890.826,0.003751
1891.597,0.004144
1892.367,0.004932
1893.138,0.003545
1893.908,0.005104
1894.679,0.006302
1895.449,0.00572
1896.22,0.003751
1896.99,0.005309
1897.761,0.006097
1898.531,0.006713
1899.302,0.00572
1900.072,0.009659
1900.843,0.013632
1901.613,0.011851
1902.384,0.005104
1903.154,0.005515
1903.925,0.004333
1904.695,0.005309
1905.466,0.004333
1906.236,0.003151
1907.007,0.003939
1907.777,0.004727
1908.548,0.005104
1909.318,0.003939
1910.089,0.004521
1910.859,0.003939
1911.63,0.003939
1912.4,0.004932
1913.171,0.00572
1913.941,0.009042
1914.712,0.008289
1915.482,0.017126
1916.253,0.017537
1917.023,0.011235
1917.794,0.009659
1918.564,0.009248
1919.335,0.007878
1920.105,0.004333
1920.876,0.002757
1921.646,0.003357
1922.417,0.003151
1923.188,0.003545
1923.958,0.004144
1924.729,0.003939
1925.499,0.003357
1926.27,0.004521
1927.04,0.004144
1927.811,0.007501
1928.581,0.007878
1929.352,0.004521
1930.122,0.004727
1930.893,0.006508
1931.663,0.014386
1932.434,0.012605
1933.204,0.029183
1933.975,0.027949
1934.745,0.009659
1935.516,0.007672
1936.286,0.005104
1937.057,0.005926
1937.827,0.005104
1938.598,0.004727
1939.368,0.004727
1940.139,0.005104
1940.909,0.003751
1941.68,0.004932
1942.45,0.005926
1943.221,0.003151
1943.991,0.003357
1944.762,0.004144
1945.532,0.004727
1946.303,0.005515
1947.073,0.005104
1947.844,0.007296
1948.614,0.015961
1949.385,0.023976
1950.155,0.013427
1950.926,0.00572
1951.696,0.004333
1952.467,0.005926
1953.237,0.004521
1954.008,0.004521
1954.778,0.003357
1955.549,0.002963
1956.319,0.003545
1957.09,0.004727
1957.86,0.005104
1958.631,0.003357
1959.401,0.004727
1960.172,0.004932
1960.942,0.002963
1961.713,0.003357
1962.483,0.006713
1963.254,0.008083
1964.024,0.007878
1964.795,0.010413
1965.565,0.044938
1966.336,0.086589
1967.106,0.180849
1967.877,0.401157
1968.647,0.268534
1969.418,0.093165
1970.188,0.073436
1970.959,0.018633
1971.729,0.011646
1972.5,0.006713
1973.271,0.006885
1974.041,0.006302
1974.812,0.006508
1975.582,0.007501
1976.353,0.003545
1977.123,0.006097
1977.894,0.008083
1978.664,0.011235
1979.435,0.018359
1980.205,0.013427
1980.976,0.017537
1981.746,0.013427
1982.517,0.020277
1983.287,0.016167
1984.058,0.006713
1984.828,0.004521
1985.599,0.005104
1986.369,0.004727
1987.14,0.004521
1987.91,0.004932
1988.681,0.005515
1989.451,0.004144
1990.222,0.004144
1990.992,0.006097
1991.763,0.006885
1992.533,0.005926
1993.304,0.005309
1994.074,0.002757
1994.845,0.004144
1995.615,0.003939
1996.386,0.010824
1997.156,0.01144
1997.927,0.009865
1998.697,0.010618
1999.468,0.00709
2000.238,0.006302
2001.009,0.006508
2001.779,0.005515
2002.55,0.002552
2003.32,0.003357
2004.091,0.004727
2004.861,0.005309
2005.632,0.003151
2006.402,0.004333
2007.173,0.004727
2007.943,0.004932
2008.714,0.004333
2009.484,0.005104
2010.255,0.005515
2011.025,0.00572
2011.796,0.007296
2012.566,0.008666
2013.337,0.011646
2014.107,0.021236
2014.878,0.016578
2015.648,0.010618
2016.419,0.008494
2017.189,0.008083
2017.96,0.007672
2018.73,0.005104
2019.501,0.00709
2020.271,0.007878
2021.042,0.004521
2021.813,0.00572
2022.583,0.003751
2023.354,0.004727
2024.124,0.004521
2024.895,0.006885
2025.665,0.007878
2026.436,0.009248
2027.206,0.008837
2027.977,0.016783
2028.747,0.023428
2029.518,0.015208
2030.288,0.016167
2031.059,0.008494
2031.829,0.00572
2032.6,0.004144
2033.37,0.005104
2034.141,0.006097
2034.911,0.004727
2035.682,0.002757
2036.452,0.002757
2037.223,0.003751
2037.993,0.003751
2038.764,0.004727
2039.534,0.004727
2040.305,0.00572
2041.075,0.00572
2041.846,0.004727
2042.616,0.005309
2043.387,0.006508
2044.157,0.006885
2044.928,0.008837
2045.698,0.021236
2046.469,0.017331
2047.239,0.009659
2048.01,0.006713
2048.78,0.003151
2049.551,0.004333
2050.321,0.004727
2051.092,0.004333
2051.862,0.004727
2052.633,0.005104
2053.403,0.005104
2054.174,0.004521
2054.944,0.00572
2055.715,0.004144
2056.485,0.004333
2057.256,0.004932
2058.026,0.004932
2058.797,0.004333
2059.567,0.003545
2060.338,0.002757
2061.108,0.004521
2061.879,0.003939
2062.649,0.00572
2063.42,0.008083
2064.19,0.013975
2064.961,0.015961
2065.731,0.010618
2066.502,0.01007
2067.272,0.005309
2068.043,0.005926
2068.813,0.004333
2069.584,0.002963
2070.354,0.003751
2071.125,0.003939
2071.896,0.005104
2072.666,0.004144
2073.437,0.005926
2074.207,0.006508
2074.978,0.006885
2075.748,0.006885
2076.519,0.00572
2077.289,0.006885
2078.06,0.010207
2078.83,0.008837
2079.601,0.009453
2080.371,0.004333
2081.142,0.005515
2081.912,0.005926
2082.683,0.002963
2083.453,0.003751
2084.224,0.003357
2084.994,0.003151
2085.765,0.004727
2086.535,0.004727
2087.306,0.003939
2088.076,0.005309
2088.847,0.005515
2089.617,0.005515
2090.388,0.003939
2091.158,0.004333
2091.929,0.004521
2092.699,0.002963
2093.47,0.003357
2094.24,0.003545
2095.011,0.003151
2095.781,0.004333
2096.552,0.005515
2097.322,0.007878
2098.093,0.009659
2098.863,0.004333
2099.634,0.003939
2100.404,0.002963
2101.175,0.002757
2101.945,0.003357
2102.716,0.003939
2103.486,0.002757
2104.257,0.002963
2105.027,0.004333
2105.798,0.004144
2106.568,0.003751
2107.339,0.004932
2108.109,0.004333
2108.88,0.004932
2109.65,0.00572
2110.421,0.004333
2111.191,0.005104
2111.962,0.009659
2112.732,0.015756
2113.503,0.024661
2114.273,0.018907
2115.044,0.009865
2115.814,0.007878
2116.585,0.006508
2117.355,0.006508
2118.126,0.004727
2118.896,0.004521
2119.667,0.005309
2120.438,0.005515
2121.208,0.005309
2121.979,0.003939
2122.749,0.005926
2123.52,0.006302
2124.29,0.008666
2125.061,0.02425
2125.831,0.02836
2126.602,0.077272
2127.372,0.07234
2128.143,0.02562
2128.913,0.017674
2129.684,0.007501
2130.454,0.00572
2131.225,0.00572
2131.995,0.004727
2132.766,0.003939
2133.536,0.004932
2134.307,0.005309
2135.077,0.006097
2135.848,0.007501
2136.618,0.00572
2137.389,0.004144
2138.159,0.005309
2138.93,0.004727
2139.7,0.004932
2140.471,0.004144
2141.241,0.005309
2142.012,0.004727
2142.782,0.003939
2143.553,0.005515
2144.323,0.008289
2145.094,0.00709
2145.864,0.005926
2146.635,0.004727
2147.405,0.003939
2148.176,0.004333
2148.946,0.003545
2149.717,0.003151
2150.487,0.003357
2151.258,0.004727
2152.028,0.003357
2152.799,0.003545
2153.569,0.005104
2154.34,0.004727
2155.11,0.004333
2155.881,0.005309
2156.651,0.007296
2157.422,0.004144
2158.192,0.003939
2158.963,0.004144
2159.733,0.006097
2160.504,0.005309
2161.274,0.008494
2162.045,0.008289
2162.815,0.017948
2163.586,0.01281
2164.356,0.008494
2165.127,0.008289
2165.897,0.00572
2166.668,0.005515
2167.438,0.012399
2168.209,0.015756
2168.979,0.006302
2169.75,0.00572
2170.521,0.006097
2171.291,0.008494
2172.062,0.008289
2172.832,0.004932
2173.603,0.008666
2174.373,0.015208
2175.144,0.011029
2175.914,0.015208
2176.685,0.010413
2177.455,0.004521
2178.226,0.005309
2178.996,0.005926
2179.767,0.005309
2180.537,0.003751
2181.308,0.003751
2182.078,0.002963
2182.849,0.003751
2183.619,0.003939
2184.39,0.006508
2185.16,0.007296
2185.931,0.012194
2186.701,0.016167
2187.472,0.029183
2188.242,0.023017
2189.013,0.013016
2189.783,0.009453
2190.554,0.005104
2191.324,0.004333
2192.095,0.004521
2192.865,0.003357
2193.636,0.003357
2194.406,0.003357
2195.177,0.002552
2195.947,0.002166
2196.718,0.002166
2197.488,0.002963
2198.259,0.003357
2199.029,0.003939
2199.8,0.004727
2200.57,0.005309
2201.341,0.006302
2202.111,0.005309
2202.882,0.003545
2203.652,0.002363
2204.423,0.003151
2205.193,0.004333
2205.964,0.003939
2206.734,0.003751
2207.505,0.003545
2208.275,0.004932
2209.046,0.003545
2209.816,0.004932
2210.587,0.009453
2211.357,0.014591
2212.128,0.019729
2212.898,0.013769
2213.669,0.009659
2214.439,0.00709
2215.21,0.005309
2215.98,0.004521
2216.751,0.006302
2217.521,0.00709
2218.292,0.006885
2219.063,0.006097
2219.833,0.011851
2220.604,0.01144
2221.374,0.025072
2222.145,0.032334
2222.915,0.02836
2223.686,0.030416
2224.456,0.016372
2225.227,0.025209
2225.997,0.016372
2226.768,0.011029
2227.538,0.007501
2228.309,0.004333
2229.079,0.004521
2229.85,0.004932
2230.62,0.004144
2231.391,0.002757
2232.161,0.002757
2232.932,0.003151
2233.702,0.003939
2234.473,0.004521
2235.243,0.004144
2236.014,0.004521
2236.784,0.004333
2237.555,0.005309
2238.325,0.007878
2239.096,0.015002
2239.866,0.013427
2240.637,0.006302
2241.407,0.004727
2242.178,0.004727
2242.948,0.004932
2243.719,0.003939
2244.489,0.003545
2245.26,0.003545
2246.03,0.002757
2246.801,0.002552
2247.571,0.002552
2248.342,0.002963
2249.112,0.002552
2249.883,0.004144
2250.653,0.003545
2251.424,0.002963
2252.194,0.003751
2252.965,0.004144
2253.735,0.005104
2254.506,0.004521
2255.276,0.004727
2256.047,0.004521
2256.817,0.003751
2257.588,0.005309
2258.358,0.006508
2259.129,0.007672
2259.899,0.009659
2260.67,0.015345
2261.44,0.022058
2262.211,0.015002
2262.981,0.010618
2263.752,0.007296
2264.522,0.005515
2265.293,0.004521
2266.063,0.00572
2266.834,0.007672
2267.604,0.020825
2268.375,0.019455
2269.146,0.009659
2269.916,0.010618
2270.687,0.012194
2271.457,0.011029
2272.228,0.00709
2272.998,0.009453
2273.769,0.015002
2274.539,0.020414
2275.31,0.010413
2276.08,0.008083
2276.851,0.004727
2277.621,0.003357
2278.392,0.002363
2279.162,0.002166
2279.933,0.003751
2280.703,0.002963
2281.474,0.002363
2282.244,0.002552
2283.015,0.002757
2283.785,0.004727
2284.556,0.004521
2285.326,0.005926
2286.097,0.007878
2286.867,0.009042
2287.638,0.00572
2288.408,0.004932
2289.179,0.005309
2289.949,0.004521
2290.72,0.003751
2291.49,0.004333
2292.261,0.002757
2293.031,0.003751
2293.802,0.004144
2294.572,0.003545
2295.343,0.003151
2296.113,0.003357
2296.884,0.003545
2297.654,0.003545
2298.425,0.003939
2299.195,0.004521
2299.966,0.004727
2300.736,0.005926
2301.507,0.004727
2302.277,0.006508
2303.048,0.006097
2303.818,0.006713
2304.589,0.004932
2305.359,0.00572
2306.13,0.00572
2306.9,0.007296
2307.671,0.008083
2308.441,0.013975
2309.212,0.01144
2309.982,0.011851
2310.753,0.014797
2311.523,0.008494
2312.294,0.005309
2313.064,0.008666
2313.835,0.009042
2314.605,0.008837
2315.376,0.010618
2316.146,0.013975
2316.917,0.015756
2317.688,0.013769
2318.458,0.02562
2319.229,0.030416
2319.999,0.069326
2320.77,0.056721
2321.54,0.024798
2322.311,0.018496
2323.081,0.02425
2323.852,0.023976
2324.622,0.009248
2325.393,0.004932
2326.163,0.005926
2326.934,0.006097
2327.704,0.005104
2328.475,0.004144
2329.245,0.004727
2330.016,0.005515
2330.786,0.002757
2331.557,0.003357
2332.327,0.003545
2333.098,0.004144
2333.868,0.004521
2334.639,0.00572
2335.409,0.012605
2336.18,0.014797
2336.95,0.008289
2337.721,0.006713
2338.491,0.002757
2339.262,0.003545
2340.032,0.003357
2340.803,0.002363
2341.573,0.003151
2342.344,0.003151
2343.114,0.002363
2343.885,0.003357
2344.655,0.002552
2345.426,0.003151
2346.196,0.002166
2346.967,0.002757
2347.737,0.003939
2348.508,0.004144
2349.278,0.004932
2350.049,0.005515
2350.819,0.003357
2351.59,0.006097
2352.36,0.005515
2353.131,0.004333
2353.901,0.003545
2354.672,0.002552
2355.442,0.003751
2356.213,0.004932
2356.983,0.004727
2357.754,0.008666
2358.524,0.008837
2359.295,0.018907
2360.065,0.01555
2360.836,0.009042
2361.606,0.01007
2362.377,0.004932
2363.147,0.003751
2363.918,0.002963
2364.688,0.004932
2365.459,0.004932
2366.229,0.005309
2367,0.005309
2367.771,0.005926
2368.541,0.002963
2369.312,0.005515
2370.082,0.006097
2370.853,0.009453
2371.623,0.006508
2372.394,0.003545
2373.164,0.002757
2373.935,0.001576
2374.705,0.001576
2375.476,0.002963
2376.246,0.002552
2377.017,0.002363
2377.787,0.002552
2378.558,0.001182
2379.328,0.001576
2380.099,0.002166
2380.869,0.002166
2381.64,0.002963
2382.41,0.003357
2383.181,0.002757
2383.951,0.002552
2384.722,0.003545
2385.492,0.003545
2386.263,0.003357
2387.033,0.002363
2387.804,0.002363
2388.574,0.001969
2389.345,0.001379
2390.115,0.001182
2390.886,0.001379
2391.656,0.001576
2392.427,0.002166
2393.197,0.002166
2393.968,0.002166
2394.738,0.001773
2395.509,0.002166
2396.279,0.002363
2397.05,0.002757
2397.82,0.002963
2398.591,0.002757
2399.361,0.004333
2400.132,0.006302
2400.902,0.003751
2401.673,0.002757
2402.443,0.003751
2403.214,0.005104
2403.984,0.004144
2404.755,0.003545
2405.525,0.003545
2406.296,0.003357
2407.066,0.003939
2407.837,0.004521
2408.607,0.008666
2409.378,0.006885
2410.148,0.009659
2410.919,0.00572
2411.689,0.005309
2412.46,0.004144
2413.23,0.002963
2414.001,0.002757
2414.771,0.004727
2415.542,0.006097
2416.313,0.009659
2417.083,0.014797
2417.854,0.016578
2418.624,0.018907
2419.395,0.011235
2420.165,0.013427
2420.936,0.008666
2421.706,0.005104
2422.477,0.004932
2423.247,0.004333
2424.018,0.005309
2424.788,0.006885
2425.559,0.011851
2426.329,0.013016
2427.1,0.007672
2427.87,0.006302
2428.641,0.004144
2429.411,0.003151
2430.182,0.003151
2430.952,0.002963
2431.723,0.003151
2432.493,0.003751
2433.264,0.004932
2434.034,0.004333
2434.805,0.004333
2435.575,0.00572
2436.346,0.003751
2437.116,0.003151
2437.887,0.003151
2438.657,0.002757
2439.428,0.002757
2440.198,0.002963
2440.969,0.002552
2441.739,0.002757
2442.51,0.003151
2443.28,0.002963
2444.051,0.002363
2444.821,0.001773
2445.592,0.002363
2446.362,0.003357
2447.133,0.004521
2447.903,0.005926
2448.674,0.006302
2449.444,0.003357
2450.215,0.002363
2450.985,0.004521
2451.756,0.003357
2452.526,0.002757
2453.297,0.002963
2454.067,0.00572
2454.838,0.006302
2455.608,0.010413
2456.379,0.013221
2457.149,0.008837
2457.92,0.013221
2458.69,0.008837
2459.461,0.006508
2460.231,0.004932
2461.002,0.003357
2461.772,0.002963
2462.543,0.002963
2463.313,0.002963
2464.084,0.003357
2464.854,0.003545