"Frecuencia(Hz)	",mm/Seg(PC)
1.541016,0.405541
2.311523,0.295935
3.082031,0.229076
3.852539,0.246613
4.623047,0.202771
5.393555,0.223596
6.164063,0.229076
6.93457,0.165505
7.705078,0.26963
8.475586,0.26415
9.246094,0.326625
10.0166,0.486649
10.78711,0.451576
11.55762,0.451576
12.32813,0.440615
13.09863,0.423078
13.86914,0.357315
14.63965,0.486649
15.41016,0.53926
16.18066,0.754087
16.95117,0.600639
17.72168,0.556797
18.49219,0.348546
19.2627,0.241133
20.0332,0.252093
20.80371,0.243325
21.57422,0.267438
22.34473,0.121662
23.11523,0.118922
23.88574,0.126047
24.65625,0.166601
25.42676,0.126047
26.19727,0.14468
26.96777,0.136459
27.73828,0.241133
28.50879,0.211539
29.2793,0.220307
30.0498,0.252093
30.82031,0.169889
31.59082,0.14468
32.36133,0.14468
33.13184,0.123306
33.90234,0.179753
34.67285,0.19729
35.44336,0.132075
36.21387,0.109058
36.98438,0.117278
37.75488,0.100289
38.52539,0.0696
39.2959,0.103029
40.06641,0.074532
40.83691,0.060283
41.60742,0.063023
42.37793,0.073984
43.14844,0.083848
43.91895,0.081656
44.68945,0.111798
45.45996,0.146872
46.23047,0.123306
47.00098,0.139199
47.77148,0.223596
48.54199,1.262658
49.3125,2.279799
50.08301,1.069752
50.85352,0.084944
51.62402,0.098645
52.39453,0.089329
53.16504,0.070148
53.93555,0.066859
54.70605,0.057269
55.47656,0.070148
56.24707,0.069052
57.01758,0.044938
57.78809,0.058091
58.55859,0.059461
59.3291,0.082752
60.09961,0.06823
60.87012,0.08604
61.64063,0.08604
62.41113,0.133719
63.18164,0.118922
63.95215,0.19729
64.72266,0.202771
65.49316,0.109058
66.26367,0.084944
67.03418,0.061653
67.80469,0.055899
68.5752,0.100289
69.3457,0.092617
70.11621,0.070148
70.88672,0.065215
71.65723,0.066859
72.42773,0.08056
73.19824,0.053707
73.96875,0.087137
74.73926,0.051515
75.50977,0.066037
76.28027,0.06823
77.05078,0.067408
77.82129,0.074532
78.5918,0.169889
79.3623,0.174273
80.13281,0.10577
80.90332,0.10577
81.67383,0.0833
82.44434,0.061653
83.21484,0.062475
83.98535,0.074532
84.75586,0.055077
85.52637,0.064667
86.29688,0.035896
87.06738,0.044664
87.83789,0.038362
88.6084,0.050145
89.37891,0.066037
90.14941,0.084944
90.91992,0.094261
91.69043,0.087137
92.46094,0.081108
93.23145,0.098645
94.00195,0.076176
94.77246,0.114538
95.54297,0.15016
96.31348,0.999604
97.08398,1.376648
97.85449,0.486649
98.625,0.157832
99.39551,0.194002
100.166,0.249901
100.9365,0.08604
101.707,0.045212
102.4775,0.035622
103.248,0.022058
104.0186,0.019592
104.7891,0.018085
105.5596,0.023565
106.3301,0.022058
107.1006,0.031512
107.8711,0.058639
108.6416,0.066859
109.4121,0.049323
110.1826,0.081108
110.9531,0.071792
111.7236,0.052337
112.4941,0.055899
113.2646,0.071792
114.0352,0.082752
114.8057,0.087685
115.5762,0.044664
116.3467,0.039732
117.1172,0.0348
117.8877,0.031512
118.6582,0.028634
119.4287,0.035074
120.1992,0.033019
120.9697,0.034526
121.7402,0.041376
122.5107,0.042746
123.2813,0.041924
124.0518,0.03754
124.8223,0.04713
125.5928,0.030416
126.3633,0.039184
127.1338,0.03617
127.9043,0.063845
128.6748,0.097001
129.4453,0.083848
130.2158,0.044116
130.9863,0.035074
131.7568,0.028223
132.5273,0.02932
133.2979,0.02288
134.0684,0.023976
134.8389,0.058091
135.6094,0.056447
136.3799,0.036992
137.1504,0.04165
137.9209,0.060283
138.6914,0.066859
139.4619,0.04713
140.2324,0.058091
141.0029,0.095905
141.7734,0.123306
142.5439,0.139199
143.3145,0.143583
144.085,0.249901
144.8555,0.313472
145.626,0.846156
146.3965,1.056599
147.167,0.894383
147.9375,1.157436
148.708,0.440615
149.4785,0.143583
150.249,0.110154
151.0195,0.30032
151.79,0.30032
152.5605,0.111798
153.3311,0.058639
154.1016,0.073984
154.8721,0.061653
155.6426,0.074532
156.4131,0.076724
157.1836,0.076724
157.9541,0.055899
158.7246,0.107414
159.4951,0.163313
160.2656,0.114538
161.0361,0.117278
161.8066,0.127691
162.5771,0.101385
163.3477,0.136459
164.1182,0.123306
164.8887,0.098645
165.6592,0.085492
166.4297,0.103029
167.2002,0.142487
167.9707,0.117278
168.7412,0.114538
169.5117,0.091521
170.2822,0.172081
171.0527,0.232364
171.8232,0.229076
172.5938,0.188522
173.3643,0.147968
174.1348,0.134815
174.9053,0.118922
175.6758,0.100289
176.4463,0.142487
177.2168,0.15016
177.9873,0.134815
178.7578,0.098645
179.5283,0.066037
180.2988,0.052337
181.0693,0.055899
181.8398,0.050145
182.6104,0.045212
183.3809,0.042746
184.1514,0.047952
184.9219,0.039184
185.6924,0.036992
186.4629,0.031238
187.2334,0.040554
188.0039,0.048501
188.7744,0.03617
189.5449,0.035074
190.3154,0.034115
191.0859,0.038362
191.8564,0.095905
192.627,0.100289
193.3975,0.38362
194.168,0.418694
194.9385,0.154544
195.709,0.110154
196.4795,0.136459
197.25,0.188522
198.0205,0.061653
198.791,0.053707
199.5615,0.142487
200.332,0.147968
201.1025,0.052337
201.873,0.039458
202.6436,0.044664
203.4141,0.04302
204.1846,0.027538
204.9551,0.02425
205.7256,0.027538
206.4961,0.046308
207.2666,0.050145
208.0371,0.049323
208.8076,0.040554
209.5781,0.041376
210.3486,0.076176
211.1191,0.078916
211.8896,0.063845
212.6602,0.085492
213.4307,0.089329
214.2012,0.123306
214.9717,0.184138
215.7422,0.124951
216.5127,0.107414
217.2832,0.103029
218.0537,0.058091
218.8242,0.058091
219.5947,0.087685
220.3652,0.147968
221.1357,0.089329
221.9063,0.030416
222.6768,0.023565
223.4473,0.038636
224.2178,0.039184
224.9883,0.035622
225.7588,0.030416
226.5293,0.027538
227.2998,0.059461
228.0703,0.088233
228.8408,0.050693
229.6113,0.038636
230.3818,0.04028
231.1523,0.059461
231.9229,0.04028
232.6934,0.026168
233.4639,0.031512
234.2344,0.026168
235.0049,0.047952
235.7754,0.042746
236.5459,0.03343
237.3164,0.036992
238.0869,0.025346
238.8574,0.033019
239.6279,0.046034
240.3984,0.053707
241.1689,0.078368
241.9395,0.073436
242.71,0.098645
243.4805,0.095905
244.251,0.097001
245.0215,0.065215
245.792,0.289359
246.5625,0.322241
247.333,0.06823
248.1035,0.16112
248.874,0.044116
249.6445,0.023976
250.415,0.030142
251.1855,0.038362
251.9561,0.038362
252.7266,0.038636
253.4971,0.030827
254.2676,0.02932
255.0381,0.02288
255.8086,0.038362
256.5791,0.042472
257.3496,0.04028
258.1201,0.053707
258.8906,0.049323
259.6611,0.074532
260.4316,0.073436
261.2021,0.04713
261.9727,0.036718
262.7432,0.035074
263.5137,0.043568
264.2842,0.041376
265.0547,0.040554
265.8252,0.044664
266.5957,0.049323
267.3662,0.04028
268.1367,0.038636
268.9072,0.035074
269.6777,0.02932
270.4482,0.027949
271.2188,0.02932
271.9893,0.044664
272.7598,0.042472
273.5303,0.04165
274.3008,0.03343
275.0713,0.029731
275.8418,0.036992
276.6123,0.026853
277.3828,0.027264
278.1533,0.024661
278.9238,0.029046
279.6943,0.025757
280.4648,0.020688
281.2354,0.021784
282.0059,0.019592
282.7764,0.018085
283.5469,0.015208
284.3174,0.020277
285.0879,0.026168
285.8584,0.01877
286.6289,0.014865
287.3994,0.030142
288.1699,0.021784
288.9404,0.055077
289.7109,0.194002
290.4814,0.469112
291.252,0.306896
292.0225,0.073436
292.793,0.047952
293.5635,0.031923
294.334,0.049323
295.1045,0.049323
295.875,0.037266
296.6455,0.038088
297.416,0.033704
298.1865,0.019592
298.957,0.025757
299.7275,0.04576
300.498,0.039184
301.2686,0.028223
302.0391,0.031512
302.8096,0.04028
303.5801,0.026442
304.3506,0.031238
305.1211,0.027949
305.8916,0.02932
306.6621,0.042472
307.4326,0.040554
308.2031,0.052337
308.9736,0.042746
309.7441,0.020688
310.5146,0.023976
311.2852,0.041376
312.0557,0.165505
312.8262,0.754087
313.5967,0.754087
314.3672,0.175369
315.1377,0.033704
315.9082,0.021784
316.6787,0.019181
317.4492,0.020277
318.2197,0.025072
318.9902,0.025072
319.7607,0.019866
320.5313,0.018496
321.3018,0.018496
322.0723,0.056447
322.8428,0.094261
323.6133,0.048501
324.3838,0.031512
325.1543,0.035622
325.9248,0.022058
326.6953,0.017811
327.4658,0.018085
328.2363,0.019592
329.0068,0.020962
329.7773,0.014112
330.5479,0.009385
331.3184,0.019592
332.0889,0.01877
332.8594,0.010481
333.6299,0.011235
334.4004,0.019181
335.1709,0.01877
335.9414,0.016715
336.7119,0.020277
337.4824,0.065215
338.2529,0.120566
339.0234,0.066859
339.7939,0.062475
340.5645,0.03617
341.335,0.028223
342.1055,0.034526
342.876,0.047952
343.6465,0.034526
344.417,0.027949
345.1875,0.024661
345.958,0.057269
346.7285,0.054529
347.499,0.020962
348.2695,0.011235
349.04,0.013769
349.8105,0.013427
350.5811,0.020962
351.3516,0.02288
352.1221,0.016304
352.8926,0.030142
353.6631,0.034115
354.4336,0.060831
355.2041,0.110154
355.9746,0.058639
356.7451,0.01877
357.5156,0.027538
358.2861,0.035074
359.0566,0.026853
359.8271,0.022058
360.5977,0.021373
361.3682,0.029731
362.1387,0.035074
362.9092,0.02932
363.6797,0.017811
364.4502,0.03754
365.2207,0.040554
365.9912,0.028634
366.7617,0.02288
367.5322,0.019181
368.3027,0.029731
369.0732,0.03617
369.8438,0.042746
370.6143,0.039732
371.3848,0.036992
372.1553,0.031238
372.9258,0.023976
373.6963,0.02932
374.4668,0.031512
375.2373,0.02288
376.0078,0.039184
376.7783,0.033704
377.5488,0.039732
378.3193,0.044664
379.0898,0.04302
379.8604,0.058639
380.6309,0.056447
381.4014,0.035622
382.1719,0.021784
382.9424,0.026168
383.7129,0.065215
384.4834,0.073984
385.2539,0.200578
386.0244,0.339778
386.7949,3.57753
387.5654,5.892403
388.3359,2.507779
389.1064,0.287167
389.877,0.111798
390.6475,0.043568
391.418,0.045212
392.1885,0.043842
392.959,0.037266
393.7295,0.031923
394.5,0.034526
395.2705,0.042746
396.041,0.036992
396.8115,0.031238
397.582,0.02425
398.3525,0.025346
399.123,0.030827
399.8936,0.036992
400.6641,0.038088
401.4346,0.025072
402.2051,0.031512
402.9756,0.047952
403.7461,0.064667
404.5166,0.051515
405.2871,0.033704
406.0576,0.048501
406.8281,0.037266
407.5986,0.038088
408.3691,0.031238
409.1396,0.077272
409.9102,0.194002
410.6807,0.138103
411.4512,0.038636
412.2217,0.028223
412.9922,0.030416
413.7627,0.039458
414.5332,0.039184
415.3037,0.04165
416.0742,0.032334
416.8447,0.0348
417.6152,0.035074
418.3857,0.04165
419.1563,0.052885
419.9268,0.058639
420.6973,0.035074
421.4678,0.039732
422.2383,0.053707
423.0088,0.044116
423.7793,0.029731
424.5498,0.027949
425.3203,0.03754
426.0908,0.050693
426.8613,0.038088
427.6318,0.034115
428.4023,0.041924
429.1729,0.0348
429.9434,0.03754
430.7139,0.023976
431.4844,0.030142
432.2549,0.037266
433.0254,0.04165
433.7959,0.03617
434.5664,0.038088
435.3369,0.050693
436.1074,0.051515
436.8779,0.079464
437.6484,0.046308
438.4189,0.048501
439.1895,0.03754
439.96,0.04713
440.7305,0.029731
441.501,0.033019
442.2715,0.052337
443.042,0.076724
443.8125,0.050693
444.583,0.032608
445.3535,0.032608
446.124,0.032608
446.8945,0.036992
447.665,0.046034
448.4355,0.056447
449.2061,0.057269
449.9766,0.066859
450.7471,0.087685
451.5176,0.412117
452.2881,0.521723
453.0586,0.179753
453.8291,0.060831
454.5996,0.103029
455.3701,0.109058
456.1406,0.120566
456.9111,0.15016
457.6816,0.206059
458.4521,0.185234
459.2227,0.130431
459.9932,0.103029
460.7637,0.101385
461.5342,0.162216
462.3047,0.133719
463.0752,0.06823
463.8457,0.109058
464.6162,0.133719
465.3867,0.154544
466.1572,0.178657
466.9277,0.147968
467.6982,0.138103
468.4688,0.116182
469.2393,0.087685
470.0098,0.055077
470.7803,0.061653
471.5508,0.056447
472.3213,0.038362
473.0918,0.054529
473.8623,0.062475
474.6328,0.047952
475.4033,0.04165
476.1738,0.04165
476.9443,0.055077
477.7148,0.206059
478.4854,0.34197
479.2559,0.158928
480.0264,0.064667
480.7969,0.055899
481.5674,0.058091
482.3379,0.077272
483.1084,0.234556
483.8789,1.104826
484.6494,1.218816
485.4199,0.38362
486.1904,0.15016
486.9609,0.139199
487.7314,0.101385
488.502,0.046034
489.2725,0.026442
490.043,0.056447
490.8135,0.052337
491.584,0.035896
492.3545,0.07234
493.125,0.081108
493.8955,0.049323
494.666,0.047952
495.4365,0.053707
496.207,0.063845
496.9775,0.08056
497.748,0.0696
498.5186,0.052337
499.2891,0.058091
500.0596,0.074532
500.8301,0.134815
501.6006,0.107414
502.3711,0.057269
503.1416,0.057269
503.9121,0.045212
504.6826,0.041376
505.4531,0.067408
506.2236,0.063023
506.9941,0.100289
507.7646,0.085492
508.5352,0.067408
509.3057,0.050693
510.0762,0.055077
510.8467,0.07234
511.6172,0.084944
512.3877,0.092617
513.1582,0.087685
513.9287,0.100289
514.6992,0.103029
515.4697,0.185234
516.2402,0.679555
517.0107,0.688324
517.7813,0.209347
518.5518,0.094261
519.3223,0.040828
520.0928,0.059461
520.8633,0.060283
521.6338,0.095905
522.4043,0.143583
523.1748,0.074532
523.9453,0.07508
524.7158,0.074532
525.4863,0.094261
526.2568,0.097001
527.0273,0.077272
527.7979,0.059461
528.5684,0.110154
529.3389,0.206059
530.1094,0.165505
530.8799,0.07508
531.6504,0.118922
532.4209,0.100289
533.1914,0.069052
533.9619,0.066037
534.7324,0.127691
535.5029,0.200578
536.2734,0.153448
537.0439,0.055077
537.8145,0.067408
538.585,0.097001
539.3555,0.07508
540.126,0.07234
540.8965,0.078368
541.667,0.08604
542.4375,0.08056
543.208,0.055077
543.9785,0.050693
544.749,0.04713
545.5195,0.058639
546.29,0.060283
547.0605,0.100289
547.8311,0.092069
548.6016,0.16112
549.3721,0.143583
550.1426,0.07234
550.9131,0.089877
551.6836,0.103029
552.4541,0.10577
553.2246,0.074532
553.9951,0.062475
554.7656,0.038088
555.5361,0.078368
556.3066,0.0696
557.0771,0.055899
557.8477,0.089877
558.6182,0.100289
559.3887,0.092069
560.1592,0.0833
560.9297,0.081108
561.7002,0.088233
562.4707,0.073984
563.2412,0.066859
564.0117,0.081656
564.7822,0.082752
565.5527,0.063023
566.3232,0.06823
567.0938,0.041924
567.8643,0.067408
568.6348,0.050145
569.4053,0.041376
570.1758,0.031238
570.9463,0.030827
571.7168,0.039732
572.4873,0.044116
573.2578,0.043568
574.0283,0.040554
574.7988,0.097001
575.5693,0.10577
576.3398,0.045212
577.1104,0.038636
577.8809,0.049323
578.6514,0.041924
579.4219,0.067408
580.1924,0.178657
580.9629,0.600639
581.7334,0.534876
582.5039,0.183042
583.2744,0.078368
584.0449,0.052885
584.8154,0.063023
585.5859,0.055077
586.3564,0.076176
587.127,0.08056
587.8975,0.089329
588.668,0.111798
589.4385,0.08604
590.209,0.08604
590.9795,0.097001
591.75,0.087685
592.5205,0.088233
593.291,0.088233
594.0615,0.100289
594.832,0.07508
595.6025,0.070148
596.373,0.098645
597.1436,0.15016
597.9141,0.218115
598.6846,0.175369
599.4551,0.138103
600.2256,0.200578
600.9961,0.153448
601.7666,0.142487
602.5371,0.134815
603.3076,0.184138
604.0781,0.202771
604.8486,0.188522
605.6191,0.19181
606.3896,0.163313
607.1602,0.162216
607.9307,0.109058
608.7012,0.078916
609.4717,0.094261
610.2422,0.074532
611.0127,0.060831
611.7832,0.082752
612.5537,0.087137
613.3242,0.209347
614.0947,0.209347
614.8652,0.082752
615.6357,0.112894
616.4063,0.169889
617.1768,0.085492
617.9473,0.073436
618.7178,0.087685
619.4883,0.053707
620.2588,0.035622
621.0293,0.055899
621.7998,0.04713
622.5703,0.046308
623.3408,0.041376
624.1113,0.047952
624.8818,0.058091
625.6523,0.284975
626.4229,0.493226
627.1934,0.278399
627.9639,0.076724
628.7344,0.060831
629.5049,0.071244
630.2754,0.082752
631.0459,0.067408
631.8164,0.052885
632.5869,0.040828
633.3574,0.063023
634.1279,0.063023
634.8984,0.027264
635.6689,0.055899
636.4395,0.053707
637.21,0.032608
637.9805,0.048501
638.751,0.074532
639.5215,0.060831
640.292,0.043842
641.0625,0.031512
641.833,0.037266
642.6035,0.038636
643.374,0.039458
644.1445,0.031238
644.915,0.058091
645.6855,0.120566
646.4561,0.076176
647.2266,0.038088
647.9971,0.039184
648.7676,0.044116
649.5381,0.044938
650.3086,0.032608
651.0791,0.041376
651.8496,0.066037
652.6201,0.084944
653.3906,0.04713
654.1611,0.026853
654.9316,0.021373
655.7021,0.025346
656.4727,0.03343
657.2432,0.04165
658.0137,0.04028
658.7842,0.094261
659.5547,0.123306
660.3252,0.061653
661.0957,0.112894
661.8662,0.15016
662.6367,0.056447
663.4072,0.029731
664.1777,0.019866
664.9482,0.021373
665.7188,0.018496
666.4893,0.015619
667.2598,0.021373
668.0303,0.025346
668.8008,0.026168
669.5713,0.025757
670.3418,0.028634
671.1123,0.031923
671.8828,0.034115
672.6533,0.031923
673.4238,0.023565
674.1943,0.031512
674.9648,0.050145
675.7354,0.04713
676.5059,0.052885
677.2764,0.246613
678.0469,0.499802
678.8174,0.289359
679.5879,0.079464
680.3584,0.04576
681.1289,0.035622
681.8994,0.040828
682.6699,0.034526
683.4404,0.04028
684.2109,0.031923
684.9814,0.025072
685.752,0.025757
686.5225,0.022058
687.293,0.023154
688.0635,0.028223
688.834,0.042746
689.6045,0.065215
690.375,0.03343
691.1455,0.031923
691.916,0.021784
692.6865,0.044938
693.457,0.081656
694.2275,0.089329
694.998,0.114538
695.7686,0.100289
696.5391,0.061653
697.3096,0.070148
698.0801,0.067408
698.8506,0.056447
699.6211,0.098645
700.3916,0.243325
701.1621,0.225788
701.9326,0.078916
702.7031,0.043842
703.4736,0.04302
704.2441,0.0696
705.0146,0.060283
705.7852,0.032608
706.5557,0.028223
707.3262,0.027949
708.0967,0.035622
708.8672,0.044664
709.6377,0.0696
710.4082,0.114538
711.1787,0.07234
711.9492,0.046034
712.7197,0.055899
713.4902,0.056447
714.2607,0.04028
715.0313,0.043842
715.8018,0.028634
716.5723,0.04302
717.3428,0.048501
718.1133,0.040554
718.8838,0.033704
719.6543,0.055077
720.4248,0.040554
721.1953,0.04302
721.9658,0.042472
722.7363,0.061653
723.5068,0.07234
724.2773,0.045212
725.0479,0.065215
725.8184,0.10577
726.5889,0.085492
727.3594,0.103029
728.1299,0.059461
728.9004,0.064667
729.6709,0.079464
730.4414,0.07508
731.2119,0.081108
731.9824,0.078916
732.7529,0.049323
733.5234,0.067408
734.2939,0.097001
735.0645,0.0833
735.835,0.043568
736.6055,0.066037
737.376,0.085492
738.1465,0.058091
738.917,0.07234
739.6875,0.123306
740.458,0.08056
741.2285,0.053707
741.999,0.103029
742.7695,0.178657
743.54,0.10577
744.3105,0.056447
745.0811,0.084944
745.8516,0.101385
746.6221,0.081108
747.3926,0.058091
748.1631,0.044116
748.9336,0.053707
749.7041,0.054529
750.4746,0.051515
751.2451,0.052885
752.0156,0.083848
752.7861,0.095905
753.5566,0.053707
754.3271,0.055899
755.0977,0.056447
755.8682,0.076724
756.6387,0.084944
757.4092,0.07508
758.1797,0.129335
758.9502,0.126047
759.7207,0.076724
760.4912,0.078916
761.2617,0.060283
762.0322,0.073984
762.8027,0.077272
763.5732,0.107414
764.3438,0.081656
765.1143,0.078916
765.8848,0.053707
766.6553,0.047952
767.4258,0.047952
768.1963,0.088233
768.9668,0.078368
769.7373,0.073984
770.5078,0.085492
771.2783,0.060831
772.0488,0.112894
772.8193,0.313472
773.5898,0.561181
774.3604,2.928665
775.1309,3.893195
775.9014,1.53448
776.6719,0.412117
777.4424,0.143583
778.2129,0.076176
778.9834,0.047952
779.7539,0.062475
780.5244,0.081656
781.2949,0.103029
782.0654,0.053707
782.8359,0.090425
783.6064,0.073436
784.377,0.069052
785.1475,0.063023
785.918,0.062475
786.6885,0.050693
787.459,0.065215
788.2295,0.082752
789,0.083848
789.7705,0.073984
790.541,0.079464
791.3115,0.095905
792.082,0.104673
792.8525,0.063845
793.623,0.091521
794.3936,0.076176
795.1641,0.057269
795.9346,0.053707
796.7051,0.051515
797.4756,0.078368
798.2461,0.07508
799.0166,0.0833
799.7871,0.100289
800.5576,0.110154
801.3281,0.092617
802.0986,0.058091
802.8691,0.052885
803.6396,0.055899
804.4102,0.081108
805.1807,0.063023
805.9512,0.089329
806.7217,0.140295
807.4922,0.120566
808.2627,0.081656
809.0332,0.062475
809.8037,0.057269
810.5742,0.051515
811.3447,0.038362
812.1152,0.038636
812.8857,0.035622
813.6563,0.04028
814.4268,0.028223
815.1973,0.032608
815.9678,0.039732
816.7383,0.0348
817.5088,0.03617
818.2793,0.0348
819.0498,0.046308
819.8203,0.036992
820.5908,0.025072
821.3613,0.016304
822.1318,0.031512
822.9023,0.028634
823.6729,0.060831
824.4434,0.064667
825.2139,0.034115
825.9844,0.036992
826.7549,0.033019
827.5254,0.022058
828.2959,0.030416
829.0664,0.037266
829.8369,0.039458
830.6074,0.032334
831.3779,0.03754
832.1484,0.035074
832.9189,0.034526
833.6895,0.038362
834.46,0.04165
835.2305,0.027949
836.001,0.031923
836.7715,0.071244
837.542,0.0833
838.3125,0.054529
839.083,0.114538
839.8535,0.138103
840.624,0.064667
841.3945,0.044116
842.165,0.041376
842.9355,0.052885
843.7061,0.047952
844.4766,0.042472
845.2471,0.021373
846.0176,0.031512
846.7881,0.04028
847.5586,0.035896
848.3291,0.029731
849.0996,0.037266
849.8701,0.021373
850.6406,0.023976
851.4111,0.031238
852.1816,0.034526
852.9521,0.040828
853.7227,0.042472
854.4932,0.043568
855.2637,0.063845
856.0342,0.051515
856.8047,0.039184
857.5752,0.038636
858.3457,0.027538
859.1162,0.0348
859.8867,0.030416
860.6572,0.016715
861.4277,0.030416
862.1982,0.028223
862.9688,0.0348
863.7393,0.038088
864.5098,0.127691
865.2803,0.223596
866.0508,0.188522
866.8213,0.092069
867.5918,0.031238
868.3623,0.044116
869.1328,0.044116
869.9033,0.048501
870.6738,0.111798
871.4443,0.350738
872.2148,0.326625
872.9854,0.124951
873.7559,0.066037
874.5264,0.04713
875.2969,0.055077
876.0674,0.035074
876.8379,0.030416
877.6084,0.035074
878.3789,0.032334
879.1494,0.035896
879.9199,0.038636
880.6904,0.040828
881.4609,0.033019
882.2314,0.030142
883.002,0.026168
883.7725,0.023976
884.543,0.020277
885.3135,0.031238
886.084,0.052885
886.8545,0.073436
887.625,0.200578
888.3955,0.260862
889.166,0.103029
889.9365,0.08056
890.707,0.089877
891.4775,0.047952
892.248,0.022058
893.0186,0.018496
893.7891,0.019592
894.5596,0.026853
895.3301,0.019592
896.1006,0.026442
896.8711,0.021784
897.6416,0.028634
898.4121,0.031238
899.1826,0.025346
899.9531,0.028223
900.7236,0.029046
901.4941,0.035622
902.2646,0.031238
903.0352,0.035074
903.8057,0.030827
904.5762,0.025072
905.3467,0.017057
906.1172,0.012331
906.8877,0.014865
907.6582,0.011988
908.4287,0.014523
909.1992,0.01877
909.9697,0.014865
910.7402,0.009796
911.5107,0.011235
912.2813,0.010892
913.0518,0.016304
913.8223,0.020277
914.5928,0.026442
915.3633,0.038636
916.1338,0.029046
916.9043,0.015619
917.6748,0.017057
918.4453,0.020688
919.2158,0.031238
919.9863,0.027949
920.7568,0.023976
921.5273,0.018085
922.2979,0.025072
923.0684,0.035896
923.8389,0.023565
924.6094,0.0174
925.3799,0.021784
926.1504,0.026168
926.9209,0.034526
927.6914,0.031238
928.4619,0.014523
929.2324,0.016304
930.0029,0.014865
930.7734,0.014112
931.5439,0.019866
932.3145,0.016304
933.085,0.022469
933.8555,0.024661
934.626,0.029731
935.3965,0.040554
936.167,0.042746
936.9375,0.025346
937.708,0.014112
938.4785,0.036718
939.249,0.070148
940.0195,0.070148
940.79,0.033704
941.5605,0.009796
942.3311,0.023154
943.1016,0.020277
943.8721,0.011988
944.6426,0.013427
945.4131,0.012673
946.1836,0.010481
946.9541,0.013084
947.7246,0.013084
948.4951,0.019866
949.2656,0.021373
950.0361,0.015961
950.8066,0.014865
951.5771,0.019866
952.3477,0.025346
953.1182,0.023976
953.8887,0.014865
954.6592,0.013769
955.4297,0.016304
956.2002,0.018085
956.9707,0.015961
957.7412,0.013769
958.5117,0.012673
959.2822,0.013427
960.0527,0.016304
960.8232,0.016304
961.5938,0.01877
962.3643,0.027538
963.1348,0.030142
963.9053,0.029046
964.6758,0.024661
965.4463,0.023154
966.2168,0.024661
966.9873,0.035622
967.7578,0.0833
968.5283,0.134815
969.2988,0.071244
970.0693,0.046034
970.8398,0.038636
971.6104,0.020962
972.3809,0.0174
973.1514,0.020688
973.9219,0.020688
974.6924,0.018085
975.4629,0.0174
976.2334,0.014112
977.0039,0.016304
977.7744,0.015961
978.5449,0.013427
979.3154,0.015619
980.0859,0.014865
980.8564,0.019181
981.627,0.016304
982.3975,0.015208
983.168,0.023154
983.9385,0.022058
984.709,0.03754
985.4795,0.03617
986.25,0.04576
987.0205,0.04576
987.791,0.037266
988.5615,0.035074
989.332,0.033019
990.1025,0.017057
990.873,0.023565
991.6436,0.029731
992.4141,0.025757
993.1846,0.022469
993.9551,0.023976
994.7256,0.02425
995.4961,0.022469
996.2666,0.025072
997.0371,0.019866
997.8076,0.013084
998.5781,0.025757
999.3486,0.050693
1000.119,0.047952
1000.89,0.025346
1001.66,0.036992
1002.431,0.026168
1003.201,0.019866
1003.972,0.01877
1004.742,0.015208
1005.513,0.011577
1006.283,0.013084
1007.054,0.013427
1007.824,0.014865
1008.595,0.018085
1009.365,0.013427
1010.136,0.009796
1010.906,0.010892
1011.677,0.019181
1012.447,0.019181
1013.218,0.058639
1013.988,0.07234
1014.759,0.033019
1015.529,0.04302
1016.3,0.056447
1017.07,0.029046
1017.841,0.0174
1018.611,0.010892
1019.382,0.007604
1020.152,0.010481
1020.923,0.011235
1021.693,0.009796
1022.464,0.012673
1023.234,0.014865
1024.005,0.016304
1024.775,0.010892
1025.546,0.011235
1026.316,0.013084
1027.087,0.011235
1027.857,0.012673
1028.628,0.009385
1029.398,0.013769
1030.169,0.018496
1030.939,0.017057
1031.71,0.011235
1032.48,0.017057
1033.251,0.02425
1034.021,0.055899
1034.792,0.049323
1035.563,0.020277
1036.333,0.011235
1037.104,0.013427
1037.874,0.014523
1038.645,0.0174
1039.415,0.014112
1040.186,0.011577
1040.956,0.012331
1041.727,0.007261
1042.497,0.014523
1043.268,0.010139
1044.038,0.009042
1044.809,0.011988
1045.579,0.013427
1046.35,0.012673
1047.12,0.009042
1047.891,0.010139
1048.661,0.021373
1049.432,0.020688
1050.202,0.015208
1050.973,0.011988
1051.743,0.011577
1052.514,0.011235
1053.284,0.009385
1054.055,0.017057
1054.825,0.017057
1055.596,0.009796
1056.366,0.005789
1057.137,0.010139
1057.907,0.013427
1058.678,0.009042
1059.448,0.012331
1060.219,0.016304
1060.989,0.017057
1061.76,0.013427
1062.53,0.022469
1063.301,0.055899
1064.071,0.081656
1064.842,0.060283
1065.612,0.070148
1066.383,0.0348
1067.153,0.024661
1067.924,0.014112
1068.694,0.010139
1069.465,0.012673
1070.235,0.017811
1071.006,0.011988
1071.776,0.0087
1072.547,0.013084
1073.317,0.011577
1074.088,0.010139
1074.858,0.009385
1075.629,0.009042
1076.399,0.015961
1077.17,0.016715
1077.94,0.014112
1078.711,0.017057
1079.481,0.010139
1080.252,0.012331
1081.022,0.013769
1081.793,0.015208
1082.563,0.026442
1083.334,0.040554
1084.104,0.028634
1084.875,0.014865
1085.646,0.017057
1086.416,0.017057
1087.187,0.017811
1087.957,0.023976
1088.728,0.019592
1089.498,0.013769
1090.269,0.012331
1091.039,0.014112
1091.81,0.020962
1092.58,0.0174
1093.351,0.019866
1094.121,0.020277
1094.892,0.016715
1095.662,0.016715
1096.433,0.014112
1097.203,0.022058
1097.974,0.024661
1098.744,0.017811
1099.515,0.015619
1100.285,0.014112
1101.056,0.012673
1101.826,0.010481
1102.597,0.006165
1103.367,0.013769
1104.138,0.023565
1104.908,0.019592
1105.679,0.010892
1106.449,0.013769
1107.22,0.021373
1107.99,0.018085
1108.761,0.020277
1109.531,0.020688
1110.302,0.032334
1111.072,0.084944
1111.843,0.153448
1112.613,0.631329
1113.384,0.754087
1114.154,0.368275
1114.925,0.249901
1115.695,0.103029
1116.466,0.03617
1117.236,0.027264
1118.007,0.027538
1118.777,0.023565
1119.548,0.021373
1120.318,0.020277
1121.089,0.020962
1121.859,0.015208
1122.63,0.011235
1123.4,0.012331
1124.171,0.010139
1124.941,0.012673
1125.712,0.013769
1126.482,0.015208
1127.253,0.01877
1128.023,0.022058
1128.794,0.030827
1129.564,0.0348
1130.335,0.019866
1131.105,0.020962
1131.876,0.023976
1132.646,0.043568
1133.417,0.036992
1134.188,0.015961
1134.958,0.016715
1135.729,0.013769
1136.499,0.013427
1137.27,0.014112
1138.04,0.011988
1138.811,0.019866
1139.581,0.023154
1140.352,0.025346
1141.122,0.02288
1141.893,0.012331
1142.663,0.009042
1143.434,0.012331
1144.204,0.015619
1144.975,0.013769
1145.745,0.0174
1146.516,0.020962
1147.286,0.015208
1148.057,0.014865
1148.827,0.0174
1149.598,0.011988
1150.368,0.017057
1151.139,0.017811
1151.909,0.016304
1152.68,0.019592
1153.45,0.021784
1154.221,0.025346
1154.991,0.023565
1155.762,0.018496
1156.532,0.019181
1157.303,0.015619
1158.073,0.016304
1158.844,0.02288
1159.614,0.035074
1160.385,0.04576
1161.155,0.057269
1161.926,0.147968
1162.696,0.180849
1163.467,0.094261
1164.237,0.059461
1165.008,0.034115
1165.778,0.028223
1166.549,0.02288
1167.319,0.014112
1168.09,0.01877
1168.86,0.025072
1169.631,0.018496
1170.401,0.020962
1171.172,0.023154
1171.942,0.017057
1172.713,0.012331
1173.483,0.018085
1174.254,0.015961
1175.024,0.015208
1175.795,0.018085
1176.565,0.020688
1177.336,0.02932
1178.106,0.033019
1178.877,0.043842
1179.647,0.026853
1180.418,0.013769
1181.188,0.013769
1181.959,0.011235
1182.729,0.009796
1183.5,0.006165
1184.271,0.010892
1185.041,0.011988
1185.812,0.014112
1186.582,0.010892
1187.353,0.008357
1188.123,0.011988
1188.894,0.015619
1189.664,0.019181
1190.435,0.016304
1191.205,0.012673
1191.976,0.015961
1192.746,0.019592
1193.517,0.014523
1194.287,0.013427
1195.058,0.014112
1195.828,0.013769
1196.599,0.015619
1197.369,0.018496
1198.14,0.015619
1198.91,0.013084
1199.681,0.011577
1200.451,0.013084
1201.222,0.013084
1201.992,0.013084
1202.763,0.011988
1203.533,0.014865
1204.304,0.015208
1205.074,0.012673
1205.845,0.01877
1206.615,0.024661
1207.386,0.021373
1208.156,0.017057
1208.927,0.034526
1209.697,0.120566
1210.468,0.218115
1211.238,0.697092
1212.009,0.65325
1212.779,0.237844
1213.55,0.08604
1214.32,0.027264
1215.091,0.01877
1215.861,0.0174
1216.632,0.016304
1217.402,0.014523
1218.173,0.015208
1218.943,0.016715
1219.714,0.014865
1220.484,0.013769
1221.255,0.010481
1222.025,0.010892
1222.796,0.009385
1223.566,0.006885
1224.337,0.011577
1225.107,0.012673
1225.878,0.015619
1226.648,0.020688
1227.419,0.02932
1228.189,0.023976
1228.96,0.015619
1229.73,0.015961
1230.501,0.016715
1231.271,0.022058
1232.042,0.013769
1232.813,0.010892
1233.583,0.009385
1234.354,0.010139
1235.124,0.010892
1235.895,0.014112
1236.665,0.018496
1237.436,0.011988
1238.206,0.0087
1238.977,0.005069
1239.747,0.007981
1240.518,0.005789
1241.288,0.009796
1242.059,0.010139
1242.829,0.010481
1243.6,0.008357
1244.37,0.007261
1245.141,0.007981
1245.911,0.009385
1246.682,0.012673
1247.452,0.013427
1248.223,0.009385
1248.993,0.007981
1249.764,0.007261
1250.534,0.013427
1251.305,0.013769
1252.075,0.028223
1252.846,0.042472
1253.616,0.026853
1254.387,0.010139
1255.157,0.013427
1255.928,0.015208
1256.698,0.017057
1257.469,0.015208
1258.239,0.04713
1259.01,0.111798
1259.78,0.085492
1260.551,0.103029
1261.321,0.103029
1262.092,0.04713
1262.862,0.025072
1263.633,0.013084
1264.403,0.011577
1265.174,0.007981
1265.944,0.009042
1266.715,0.009042
1267.485,0.009385
1268.256,0.010892
1269.026,0.010481
1269.797,0.013084
1270.567,0.012331
1271.338,0.015208
1272.108,0.015208
1272.879,0.014865
1273.649,0.014112
1274.42,0.018496
1275.19,0.023565
1275.961,0.0348
1276.731,0.055077
1277.502,0.055077
1278.272,0.034115
1279.043,0.025346
1279.813,0.055899
1280.584,0.088233
1281.354,0.051515
1282.125,0.027538
1282.896,0.017057
1283.666,0.011577
1284.437,0.013769
1285.207,0.013084
1285.978,0.011988
1286.748,0.010892
1287.519,0.013084
1288.289,0.015961
1289.06,0.014865
1289.83,0.015961
1290.601,0.015208
1291.371,0.018496
1292.142,0.017811
1292.912,0.017811
1293.683,0.01877
1294.453,0.01877
1295.224,0.017057
1295.994,0.009796
1296.765,0.011988
1297.535,0.011235
1298.306,0.013084
1299.076,0.019181
1299.847,0.022469
1300.617,0.013427
1301.388,0.016715
1302.158,0.022058
1302.929,0.019866
1303.699,0.018496
1304.47,0.011988
1305.24,0.020962
1306.011,0.045212
1306.781,0.079464
1307.552,0.056447
1308.322,0.028634
1309.093,0.019866
1309.863,0.026442
1310.634,0.021373
1311.404,0.011988
1312.175,0.016304
1312.945,0.022469
1313.716,0.020962
1314.486,0.009796
1315.257,0.015619
1316.027,0.019181
1316.798,0.022469
1317.568,0.016304
1318.339,0.009385
1319.109,0.015961
1319.88,0.018085
1320.65,0.016304
1321.421,0.020688
1322.191,0.017811
1322.962,0.02288
1323.732,0.027538
1324.503,0.02288
1325.273,0.016715
1326.044,0.039184
1326.814,0.0696
1327.585,0.055077
1328.355,0.02288
1329.126,0.017057
1329.896,0.02425
1330.667,0.017057
1331.438,0.011577
1332.208,0.009796
1332.979,0.010139
1333.749,0.010892
1334.52,0.014112
1335.29,0.013084
1336.061,0.009796
1336.831,0.0087
1337.602,0.007604
1338.372,0.010139
1339.143,0.012673
1339.913,0.009796
1340.684,0.008357
1341.454,0.010481
1342.225,0.011235
1342.995,0.010481
1343.766,0.009385
1344.536,0.0087
1345.307,0.009796
1346.077,0.008357
1346.848,0.007604
1347.618,0.010139
1348.389,0.011235
1349.159,0.009796
1349.93,0.011235
1350.7,0.018085
1351.471,0.017057
1352.241,0.014865
1353.012,0.012673
1353.782,0.011577
1354.553,0.013769
1355.323,0.021373
1356.094,0.039732
1356.864,0.031923
1357.635,0.04302
1358.405,0.033019
1359.176,0.017057
1359.946,0.009385
1360.717,0.008357
1361.487,0.009385
1362.258,0.0087
1363.028,0.007604
1363.799,0.007604
1364.569,0.007981
1365.34,0.005446
1366.11,0.006542
1366.881,0.007261
1367.651,0.006885
1368.422,0.009385
1369.192,0.010481
1369.963,0.009042
1370.733,0.015208
1371.504,0.012673
1372.274,0.013769
1373.045,0.017057
1373.815,0.014112
1374.586,0.013427
1375.356,0.013427
1376.127,0.020688
1376.897,0.016304
1377.668,0.015208
1378.438,0.048501
1379.209,0.066859
1379.979,0.035622
1380.75,0.013084
1381.521,0.007261
1382.291,0.010892
1383.062,0.009042
1383.832,0.006885
1384.603,0.010481
1385.373,0.011235
1386.144,0.011577
1386.914,0.013769
1387.685,0.014112
1388.455,0.020962
1389.226,0.019866
1389.996,0.014865
1390.767,0.012331
1391.537,0.011235
1392.308,0.017811
1393.078,0.016304
1393.849,0.012673
1394.619,0.011988
1395.39,0.011577
1396.16,0.010892
1396.931,0.0087
1397.701,0.011235
1398.472,0.012673
1399.242,0.013084
1400.013,0.011235
1400.783,0.034526
1401.554,0.039732
1402.324,0.027949
1403.095,0.076724
1403.865,0.088233
1404.636,0.08056
1405.406,0.098645
1406.177,0.066037
1406.947,0.060283
1407.718,0.035074
1408.488,0.017057
1409.259,0.015619
1410.029,0.013427
1410.8,0.009042
1411.57,0.011577
1412.341,0.014112
1413.111,0.020962
1413.882,0.019866
1414.652,0.0174
1415.423,0.019866
1416.193,0.019181
1416.964,0.011577
1417.734,0.019592
1418.505,0.022058
1419.275,0.030416
1420.046,0.026853
1420.816,0.016715
1421.587,0.022058
1422.357,0.02288
1423.128,0.018496
1423.898,0.015208
1424.669,0.016715
1425.439,0.016715
1426.21,0.017057
1426.98,0.028634
1427.751,0.040554
1428.521,0.048501
1429.292,0.032334
1430.063,0.029731
1430.833,0.023154
1431.604,0.022058
1432.374,0.020688
1433.145,0.013427
1433.915,0.013769
1434.686,0.021784
1435.456,0.022058
1436.227,0.013084
1436.997,0.017811
1437.768,0.021784
1438.538,0.017811
1439.309,0.024661
1440.079,0.029731
1440.85,0.052337
1441.62,0.059461
1442.391,0.055077
1443.161,0.035622
1443.932,0.030827
1444.702,0.017811
1445.473,0.012331
1446.243,0.016715
1447.014,0.023976
1447.784,0.015961
1448.555,0.017811
1449.325,0.039184
1450.096,0.046034
1450.866,0.098645
1451.637,0.116182
1452.407,0.07508
1453.178,0.052337
1453.948,0.050693
1454.719,0.061653
1455.489,0.047952
1456.26,0.034115
1457.03,0.022058
1457.801,0.016715
1458.571,0.019866
1459.342,0.016715
1460.112,0.02288
1460.883,0.018496
1461.653,0.015619
1462.424,0.010892
1463.194,0.016715
1463.965,0.022469
1464.735,0.027538
1465.506,0.040554
1466.276,0.057269
1467.047,0.104673
1467.817,0.107414
1468.588,0.071244
1469.358,0.032608
1470.129,0.029046
1470.899,0.025346
1471.67,0.019866
1472.44,0.011577
1473.211,0.0087
1473.981,0.017057
1474.752,0.022469
1475.522,0.028634
1476.293,0.019181
1477.063,0.015961
1477.834,0.013427
1478.604,0.017811
1479.375,0.018085
1480.146,0.011235
1480.916,0.009385
1481.687,0.009796
1482.457,0.010139
1483.228,0.013769
1483.998,0.015961
1484.769,0.011988
1485.539,0.014112
1486.31,0.015619
1487.08,0.028223
1487.851,0.02425
1488.621,0.021373
1489.392,0.027264
1490.162,0.025072
1490.933,0.052337
1491.703,0.055077
1492.474,0.035622
1493.244,0.029731
1494.015,0.023154
1494.785,0.017057
1495.556,0.011988
1496.326,0.020962
1497.097,0.0174
1497.867,0.023565
1498.638,0.039732
1499.408,0.050145
1500.179,0.179753
1500.949,0.243325
1501.72,0.401157
1502.49,0.401157
1503.261,0.179753
1504.031,0.095905
1504.802,0.055077
1505.572,0.03617
1506.343,0.025072
1507.113,0.020962
1507.884,0.021373
1508.654,0.022469
1509.425,0.029731
1510.195,0.027538
1510.966,0.026853
1511.736,0.026853
1512.507,0.013084
1513.277,0.034115
1514.048,0.048501
1514.818,0.044116
1515.589,0.054529
1516.359,0.076724
1517.13,0.091521
1517.9,0.07234
1518.671,0.033019
1519.441,0.030827
1520.212,0.03343
1520.982,0.044664
1521.753,0.027949
1522.523,0.017811
1523.294,0.016715
1524.064,0.021373
1524.835,0.023154
1525.605,0.029731
1526.376,0.042746
1527.146,0.03617
1527.917,0.020962
1528.688,0.026442
1529.458,0.0174
1530.229,0.015208
1530.999,0.02288
1531.77,0.020962
1532.54,0.018085
1533.311,0.017811
1534.081,0.029731
1534.852,0.029731
1535.622,0.025757
1536.393,0.03754
1537.163,0.044664
1537.934,0.043568
1538.704,0.06823
1539.475,0.124951
1540.245,0.123306
1541.016,0.081108
1541.786,0.052337
1542.557,0.063023
1543.327,0.066037
1544.098,0.04713
1544.868,0.035896
1545.639,0.03343
1546.409,0.042746
1547.18,0.066859
1547.95,0.179753
1548.721,0.26415
1549.491,0.556797
1550.262,0.458152
1551.032,0.429654
1551.803,0.370467
1552.573,0.156736
1553.344,0.077272
1554.114,0.038362
1554.885,0.025346
1555.655,0.026853
1556.426,0.031512
1557.196,0.036992
1557.967,0.023565
1558.737,0.028634
1559.508,0.04028
1560.278,0.026853
1561.049,0.025757
1561.819,0.04713
1562.59,0.058639
1563.36,0.065215
1564.131,0.10577
1564.901,0.284975
1565.672,0.469112
1566.442,0.447191
1567.213,0.324433
1567.983,0.176465
1568.754,0.081656
1569.524,0.038636
1570.295,0.042746
1571.065,0.03617
1571.836,0.033019
1572.606,0.027538
1573.377,0.033019
1574.147,0.043842
1574.918,0.07508
1575.688,0.232364
1576.459,0.241133
1577.229,0.133719
1578,0.07234
1578.771,0.030416
1579.541,0.038362
1580.312,0.04165
1581.082,0.028223
1581.853,0.044116
1582.623,0.041376
1583.394,0.044116
1584.164,0.052337
1584.935,0.049323
1585.705,0.044116
1586.476,0.042746
1587.246,0.038088
1588.017,0.050693
1588.787,0.081656
1589.558,0.048501
1590.328,0.049323
1591.099,0.0833
1591.869,0.126047
1592.64,0.094261
1593.41,0.0696
1594.181,0.052885
1594.951,0.058639
1595.722,0.104673
1596.492,0.089329
1597.263,0.08056
1598.033,0.076724
1598.804,0.142487
1599.574,0.098645
1600.345,0.154544
1601.115,0.156736
1601.886,0.08056
1602.656,0.039458
1603.427,0.026853
1604.197,0.032334
1604.968,0.030416
1605.738,0.028634
1606.509,0.029046
1607.279,0.019181
1608.05,0.050145
1608.82,0.046034
1609.591,0.02932
1610.361,0.027538
1611.132,0.034526
1611.902,0.039458
1612.673,0.046034
1613.443,0.055077
1614.214,0.110154
1614.984,0.090425
1615.755,0.054529
1616.525,0.046308
1617.296,0.045212
1618.066,0.07234
1618.837,0.074532
1619.607,0.052337
1620.378,0.031512
1621.148,0.025757
1621.919,0.035622
1622.689,0.058639
1623.46,0.070148
1624.23,0.052337
1625.001,0.0696
1625.771,0.065215
1626.542,0.069052
1627.313,0.057269
1628.083,0.047952
1628.854,0.063023
1629.624,0.048501
1630.395,0.055899
1631.165,0.055899
1631.936,0.03754
1632.706,0.030827
1633.477,0.031238
1634.247,0.044938
1635.018,0.04302
1635.788,0.02288
1636.559,0.050693
1637.329,0.031238
1638.1,0.059461
1638.87,0.071244
1639.641,0.063845
1640.411,0.039458
1641.182,0.058639
1641.952,0.050693
1642.723,0.059461
1643.493,0.065215
1644.264,0.129335
1645.034,0.225788
1645.805,0.361699
1646.575,0.618176
1647.346,0.423078
1648.116,0.423078
1648.887,0.315664
1649.657,0.130431
1650.428,0.0696
1651.198,0.054529
1651.969,0.058091
1652.739,0.030416
1653.51,0.034526
1654.28,0.044664
1655.051,0.056447
1655.821,0.057269
1656.592,0.054529
1657.362,0.042472
1658.133,0.031923
1658.903,0.035896
1659.674,0.055899
1660.444,0.098645
1661.215,0.111798
1661.985,0.260862
1662.756,0.249901
1663.526,0.436231
1664.297,0.68394
1665.067,0.574334
1665.838,0.339778
1666.608,0.111798
1667.379,0.061653
1668.149,0.051515
1668.92,0.04713
1669.69,0.043568
1670.461,0.04165
1671.231,0.085492
1672.002,0.081656
1672.772,0.057269
1673.543,0.143583
1674.313,0.333201
1675.084,0.278399
1675.854,0.123306
1676.625,0.053707
1677.396,0.030142
1678.166,0.0348
1678.937,0.044116
1679.707,0.035622
1680.478,0.040554
1681.248,0.051515
1682.019,0.03617
1682.789,0.021784
1683.56,0.023154
1684.33,0.02932
1685.101,0.032334
1685.871,0.021784
1686.642,0.025346
1687.412,0.02288
1688.183,0.030142
1688.953,0.032608
1689.724,0.049323
1690.494,0.053707
1691.265,0.04576
1692.035,0.046034
1692.806,0.056447
1693.576,0.140295
1694.347,0.255381
1695.117,0.234556
1695.888,0.267438
1696.658,0.172081
1697.429,0.090425
1698.199,0.078916
1698.97,0.052337
1699.74,0.040828
1700.511,0.023976
1701.281,0.021784
1702.052,0.031238
1702.822,0.025757
1703.593,0.032334
1704.363,0.034115
1705.134,0.026168
1705.904,0.019866
1706.675,0.023976
1707.445,0.031238
1708.216,0.039732
1708.986,0.04165
1709.757,0.035896
1710.527,0.04713
1711.298,0.066037
1712.068,0.063023
1712.839,0.052885
1713.609,0.042746
1714.38,0.050145
1715.15,0.046034
1715.921,0.03754
1716.691,0.039458
1717.462,0.036718
1718.232,0.027538
1719.003,0.015619
1719.773,0.0348
1720.544,0.06823
1721.314,0.092617
1722.085,0.200578
1722.855,0.188522
1723.626,0.209347
1724.396,0.166601
1725.167,0.08056
1725.938,0.04713
1726.708,0.036718
1727.479,0.04165
1728.249,0.036718
1729.02,0.04028
1729.79,0.040554
1730.561,0.062475
1731.331,0.053707
1732.102,0.032608
1732.872,0.033704
1733.643,0.039732
1734.413,0.038362
1735.184,0.034115
1735.954,0.02932
1736.725,0.038362
1737.495,0.051515
1738.266,0.043842
1739.036,0.0348
1739.807,0.04165
1740.577,0.073984
1741.348,0.16112
1742.118,0.241133
1742.889,0.499802
1743.659,0.776008
1744.43,0.552413
1745.2,0.388004
1745.971,0.225788
1746.741,0.103029
1747.512,0.062475
1748.282,0.04576
1749.053,0.028634
1749.823,0.039184
1750.594,0.039458
1751.364,0.022469
1752.135,0.018085
1752.905,0.032608
1753.676,0.039732
1754.446,0.029731
1755.217,0.027264
1755.987,0.02425
1756.758,0.023976
1757.528,0.023154
1758.299,0.023565
1759.069,0.033019
1759.84,0.061653
1760.61,0.124951
1761.381,0.158928
1762.151,0.124951
1762.922,0.07508
1763.692,0.045212
1764.463,0.035074
1765.233,0.03343
1766.004,0.021784
1766.774,0.030827
1767.545,0.020688
1768.315,0.015208
1769.086,0.015619
1769.856,0.023565
1770.627,0.01877
1771.397,0.055899
1772.168,0.04713
1772.938,0.036992
1773.709,0.035074
1774.479,0.027949
1775.25,0.031238
1776.021,0.033019
1776.791,0.034115
1777.562,0.034115
1778.332,0.042472
1779.103,0.03617
1779.873,0.03617
1780.644,0.04165
1781.414,0.037266
1782.185,0.041376
1782.955,0.032334
1783.726,0.018496
1784.496,0.015961
1785.267,0.0174
1786.037,0.025757
1786.808,0.023976
1787.578,0.019181
1788.349,0.031512
1789.119,0.030827
1789.89,0.023976
1790.66,0.019592
1791.431,0.020688
1792.201,0.033019
1792.972,0.04713
1793.742,0.028634
1794.513,0.021373
1795.283,0.015961
1796.054,0.020277
1796.824,0.026442
1797.595,0.02932
1798.365,0.031238
1799.136,0.026168
1799.906,0.02425
1800.677,0.017811
1801.447,0.014523
1802.218,0.013769
1802.988,0.017811
1803.759,0.040828
1804.529,0.058639
1805.3,0.058091
1806.07,0.047952
1806.841,0.030142
1807.611,0.026442
1808.382,0.036992
1809.152,0.034526
1809.923,0.027264
1810.693,0.023565
1811.464,0.023976
1812.234,0.025346
1813.005,0.021784
1813.775,0.017057
1814.546,0.015961
1815.316,0.023976
1816.087,0.026442
1816.857,0.017811
1817.628,0.013427
1818.398,0.024661
1819.169,0.048501
1819.939,0.071792
1820.71,0.133719
1821.48,0.104673
1822.251,0.022469
1823.021,0.019181
1823.792,0.02932
1824.563,0.019592
1825.333,0.016304
1826.104,0.017057
1826.874,0.012673
1827.645,0.017057
1828.415,0.027264
1829.186,0.03343
1829.956,0.02932
1830.727,0.025346
1831.497,0.015961
1832.268,0.014112
1833.038,0.018496
1833.809,0.015961
1834.579,0.010481
1835.35,0.0174
1836.12,0.021373
1836.891,0.023976
1837.661,0.029046
1838.432,0.039458
1839.202,0.039732
1839.973,0.094261
1840.743,0.10577
1841.514,0.061653
1842.284,0.03617
1843.055,0.017811
1843.825,0.018496
1844.596,0.019592
1845.366,0.019866
1846.137,0.017811
1846.907,0.014112
1847.678,0.015619
1848.448,0.019181
1849.219,0.019866
1849.989,0.011577
1850.76,0.013769
1851.53,0.014523
1852.301,0.0348
1853.071,0.045212
1853.842,0.026442
1854.612,0.027538
1855.383,0.029046
1856.153,0.015961
1856.924,0.017811
1857.694,0.021784
1858.465,0.017057
1859.235,0.015208
1860.006,0.013427
1860.776,0.010481
1861.547,0.012331
1862.317,0.0174
1863.088,0.025346
1863.858,0.020962
1864.629,0.025072
1865.399,0.026168
1866.17,0.020688
1866.94,0.016715
1867.711,0.016715
1868.481,0.019181
1869.252,0.023565
1870.022,0.044116
1870.793,0.088233
1871.563,0.156736
1872.334,0.10577
1873.104,0.035074
1873.875,0.013427
1874.646,0.0174
1875.416,0.020962
1876.187,0.025757
1876.957,0.042472
1877.728,0.08604
1878.498,0.194002
1879.269,0.258669
1880.039,0.194002
1880.81,0.114538
1881.58,0.052337
1882.351,0.020962
1883.121,0.011577
1883.892,0.013084
1884.662,0.017811
1885.433,0.019592
1886.203,0.02932
1886.974,0.035074
1887.744,0.08056
1888.515,0.082752
1889.285,0.053707
1890.056,0.034115
1890.826,0.023154
1891.597,0.02425
1892.367,0.015961
1893.138,0.017057
1893.908,0.012331
1894.679,0.013769
1895.449,0.007981
1896.22,0.009042
1896.99,0.011577
1897.761,0.007604
1898.531,0.009042
1899.302,0.006542
1900.072,0.004692
1900.843,0.006542
1901.613,0.009385
1902.384,0.013769
1903.154,0.0174
1903.925,0.020688
1904.695,0.031512
1905.466,0.04302
1906.236,0.033019
1907.007,0.018085
1907.777,0.011235
1908.548,0.009042
1909.318,0.009042
1910.089,0.010892
1910.859,0.014865
1911.63,0.014112
1912.4,0.015208
1913.171,0.015208
1913.941,0.011988
1914.712,0.011235
1915.482,0.009042
1916.253,0.007604
1917.023,0.009042
1917.794,0.013769
1918.564,0.010892
1919.335,0.015961
1920.105,0.035896
1920.876,0.053707
1921.646,0.031512
1922.417,0.029731
1923.188,0.020688
1923.958,0.015208
1924.729,0.013769
1925.499,0.013084
1926.27,0.014865
1927.04,0.0174
1927.811,0.010139
1928.581,0.0087
1929.352,0.009796
1930.122,0.011577
1930.893,0.016715
1931.663,0.017811
1932.434,0.014112
1933.204,0.013427
1933.975,0.015208
1934.745,0.014523
1935.516,0.031238
1936.286,0.035896
1937.057,0.071244
1937.827,0.061653
1938.598,0.041376
1939.368,0.02932
1940.139,0.018496
1940.909,0.010139
1941.68,0.007981
1942.45,0.010481
1943.221,0.011577
1943.991,0.009042
1944.762,0.007261
1945.532,0.0087
1946.303,0.009796
1947.073,0.010481
1947.844,0.012673
1948.614,0.011988
1949.385,0.010139
1950.155,0.009385
1950.926,0.009385
1951.696,0.012673
1952.467,0.021784
1953.237,0.043568
1954.008,0.047952
1954.778,0.025072
1955.549,0.013769
1956.319,0.013084
1957.09,0.010481
1957.86,0.013427
1958.631,0.013769
1959.401,0.016304
1960.172,0.015619
1960.942,0.010481
1961.713,0.010139
1962.483,0.013084
1963.254,0.015208
1964.024,0.010481
1964.795,0.010139
1965.565,0.009042
1966.336,0.010139
1967.106,0.011577
1967.877,0.020277
1968.647,0.043842
1969.418,0.15016
1970.188,0.258669
1970.959,0.545836
1971.729,0.719013
1972.5,0.405541
1973.271,0.188522
1974.041,0.076724
1974.812,0.039184
1975.582,0.026853
1976.353,0.019592
1977.123,0.020277
1977.894,0.019866
1978.664,0.012673
1979.435,0.015619
1980.205,0.0174
1980.976,0.015619
1981.746,0.017057
1982.517,0.033704
1983.287,0.044938
1984.058,0.030827
1984.828,0.03617
1985.599,0.024661
1986.369,0.030416
1987.14,0.02425
1987.91,0.026168
1988.681,0.023565
1989.451,0.015208
1990.222,0.014865
1990.992,0.014112
1991.763,0.018085
1992.533,0.019181
1993.304,0.017811
1994.074,0.013427
1994.845,0.012331
1995.615,0.012673
1996.386,0.020688
1997.156,0.013427
1997.927,0.009796
1998.697,0.009385
1999.468,0.009385
2000.238,0.010481
2001.009,0.015961
2001.779,0.022058
2002.55,0.023154
2003.32,0.016715
2004.091,0.01877
2004.861,0.015619
2005.632,0.011577
2006.402,0.011988
2007.173,0.010139
2007.943,0.006885
2008.714,0.006542
2009.484,0.008357
2010.255,0.009385
2011.025,0.013084
2011.796,0.007981
2012.566,0.013427
2013.337,0.011577
2014.107,0.008357
2014.878,0.009385
2015.648,0.009385
2016.419,0.012331
2017.189,0.022058
2017.96,0.031512
2018.73,0.058639
2019.501,0.087685
2020.271,0.071792
2021.042,0.055899
2021.813,0.043568
2022.583,0.027538
2023.354,0.011988
2024.124,0.007981
2024.895,0.007604
2025.665,0.005446
2026.436,0.005446
2027.206,0.011988
2027.977,0.014112
2028.747,0.011577
2029.518,0.011577
2030.288,0.016304
2031.059,0.029046
2031.829,0.055899
2032.6,0.078916
2033.37,0.091521
2034.141,0.147968
2034.911,0.116182
2035.682,0.08604
2036.452,0.055899
2037.223,0.031512
2037.993,0.014865
2038.764,0.017057
2039.534,0.014865
2040.305,0.01877
2041.075,0.020688
2041.846,0.014523
2042.616,0.016715
2043.387,0.023154
2044.157,0.026168
2044.928,0.01877
2045.698,0.016304
2046.469,0.024661
2047.239,0.023154
2048.01,0.019866
2048.78,0.019181
2049.551,0.018085
2050.321,0.021373
2051.092,0.028634
2051.862,0.028223
2052.633,0.027538
2053.403,0.02425
2054.174,0.020688
2054.944,0.020277
2055.715,0.020688
2056.485,0.0174
2057.256,0.013769
2058.026,0.013769
2058.797,0.013769
2059.567,0.013769
2060.338,0.015619
2061.108,0.013084
2061.879,0.020277
2062.649,0.0174
2063.42,0.013084
2064.19,0.011988
2064.961,0.018496
2065.731,0.026442
2066.502,0.059461
2067.272,0.067408
2068.043,0.126047
2068.813,0.153448
2069.584,0.076176
2070.354,0.046308
2071.125,0.020277
2071.896,0.013769
2072.666,0.015961
2073.437,0.021784
2074.207,0.022469
2074.978,0.020962
2075.748,0.024661
2076.519,0.020962
2077.289,0.023976
2078.06,0.032334
2078.83,0.039184
2079.601,0.053707
2080.371,0.053707
2081.142,0.057269
2081.912,0.063845
2082.683,0.055077
2083.453,0.066037
2084.224,0.04165
2084.994,0.025757
2085.765,0.018085
2086.535,0.020277
2087.306,0.020962
2088.076,0.019592
2088.847,0.015961
2089.617,0.018085
2090.388,0.018085
2091.158,0.009385
2091.929,0.010892
2092.699,0.014112
2093.47,0.013427
2094.24,0.013769
2095.011,0.011577
2095.781,0.010892
2096.552,0.014523
2097.322,0.011988
2098.093,0.013427
2098.863,0.013769
2099.634,0.0174
2100.404,0.014523
2101.175,0.015619
2101.945,0.018085
2102.716,0.017811
2103.486,0.018496
2104.257,0.026442
2105.027,0.032608
2105.798,0.022469
2106.568,0.016304
2107.339,0.017057
2108.109,0.02288
2108.88,0.026168
2109.65,0.026442
2110.421,0.024661
2111.191,0.032608
2111.962,0.03343
2112.732,0.030142
2113.503,0.023976
2114.273,0.02288
2115.044,0.024661
2115.814,0.055899
2116.585,0.07234
2117.355,0.124951
2118.126,0.156736
2118.896,0.095905
2119.667,0.055077
2120.438,0.02425
2121.208,0.015961
2121.979,0.014523
2122.749,0.020962
2123.52,0.02288
2124.29,0.024661
2125.061,0.018496
2125.831,0.019866
2126.602,0.024661
2127.372,0.023154
2128.143,0.040554
2128.913,0.109058
2129.684,0.15016
2130.454,0.30032
2131.225,0.366083
2131.995,0.218115
2132.766,0.121662
2133.536,0.055899
2134.307,0.026853
2135.077,0.0174
2135.848,0.017811
2136.618,0.013084
2137.389,0.013427
2138.159,0.010139
2138.93,0.011235
2139.7,0.011988
2140.471,0.0087
2141.241,0.008357
2142.012,0.014112
2142.782,0.014112
2143.553,0.011577
2144.323,0.012331
2145.094,0.017057
2145.864,0.012673
2146.635,0.01877
2147.405,0.017811
2148.176,0.014112
2148.946,0.012673
2149.717,0.014865
2150.487,0.016304
2151.258,0.013769
2152.028,0.009385
2152.799,0.013084
2153.569,0.013769
2154.34,0.014523
2155.11,0.013084
2155.881,0.007981
2156.651,0.007604
2157.422,0.010892
2158.192,0.006542
2158.963,0.015619
2159.733,0.016715
2160.504,0.021784
2161.274,0.020277
2162.045,0.017057
2162.815,0.009042
2163.586,0.011988
2164.356,0.019866
2165.127,0.034526
2165.897,0.03617
2166.668,0.063023
2167.438,0.059461
2168.209,0.029046
2168.979,0.02425
2169.75,0.0174
2170.521,0.012331
2171.291,0.012331
2172.062,0.020688
2172.832,0.018085
2173.603,0.014523
2174.373,0.014112
2175.144,0.01877
2175.914,0.026442
2176.685,0.03343
2177.455,0.039184
2178.226,0.0696
2178.996,0.067408
2179.767,0.058091
2180.537,0.059461
2181.308,0.029046
2182.078,0.018496
2182.849,0.020277
2183.619,0.023976
2184.39,0.012331
2185.16,0.015619
2185.931,0.012331
2186.701,0.014865
2187.472,0.013084
2188.242,0.015619
2189.013,0.017811
2189.783,0.018496
2190.554,0.015619
2191.324,0.031923
2192.095,0.056447
2192.865,0.047952
2193.636,0.039458
2194.406,0.027264
2195.177,0.015619
2195.947,0.006885
2196.718,0.009385
2197.488,0.006885
2198.259,0.008357
2199.029,0.008357
2199.8,0.010892
2200.57,0.009385
2201.341,0.010892
2202.111,0.0087
2202.882,0.010892
2203.652,0.011577
2204.423,0.009385
2205.193,0.008357
2205.964,0.010892
2206.734,0.0087
2207.505,0.005789
2208.275,0.006542
2209.046,0.010139
2209.816,0.015961
2210.587,0.017057
2211.357,0.010481
2212.128,0.011235
2212.898,0.013084
2213.669,0.015961
2214.439,0.041376
2215.21,0.071792
2215.98,0.149064
2216.751,0.146872
2217.521,0.084944
2218.292,0.058091
2219.063,0.039732
2219.833,0.030142
2220.604,0.017057
2221.374,0.014523
2222.145,0.012673
2222.915,0.011988
2223.686,0.011235
2224.456,0.020962
2225.227,0.022058
2225.997,0.040554
2226.768,0.050693
2227.538,0.079464
2228.309,0.066859
2229.079,0.051515
2229.85,0.043568
2230.62,0.025757
2231.391,0.01877
2232.161,0.011988
2232.932,0.009385
2233.702,0.009796
2234.473,0.008357
2235.243,0.009385
2236.014,0.0087
2236.784,0.007261
2237.555,0.005789
2238.325,0.006885
2239.096,0.009042
2239.866,0.010481
2240.637,0.009796
2241.407,0.010481
2242.178,0.0087
2242.948,0.011988
2243.719,0.011235
2244.489,0.012331
2245.26,0.006885
2246.03,0.007604
2246.801,0.009042
2247.571,0.010481
2248.342,0.0087
2249.112,0.004692
2249.883,0.005069
2250.653,0.006165
2251.424,0.006885
2252.194,0.007261
2252.965,0.005069
2253.735,0.005789
2254.506,0.005789
2255.276,0.007261
2256.047,0.007261
2256.817,0.009042
2257.588,0.009385
2258.358,0.010139
2259.129,0.013769
2259.899,0.013427
2260.67,0.009385
2261.44,0.009385
2262.211,0.009796
2262.981,0.008357
2263.752,0.013084
2264.522,0.014523
2265.293,0.024661
2266.063,0.026853
2266.834,0.02288
2267.604,0.014523
2268.375,0.009042
2269.146,0.006165
2269.916,0.005789
2270.687,0.010892
2271.457,0.014112
2272.228,0.008357
2272.998,0.007604
2273.769,0.008357
2274.539,0.013769
2275.31,0.02932
2276.08,0.03617
2276.851,0.047952
2277.621,0.041376
2278.392,0.031923
2279.162,0.021373
2279.933,0.010892
2280.703,0.008357
2281.474,0.007261
2282.244,0.007981
2283.015,0.005069
2283.785,0.005069
2284.556,0.004692
2285.326,0.006542
2286.097,0.006542
2286.867,0.005069
2287.638,0.005069
2288.408,0.005446
2289.179,0.006542
2289.949,0.007261
2290.72,0.007261
2291.49,0.006542
2292.261,0.008357
2293.031,0.007261
2293.802,0.005446
2294.572,0.005789
2295.343,0.007261
2296.113,0.006165
2296.884,0.004692
2297.654,0.005446
2298.425,0.006542
2299.195,0.005069
2299.966,0.00399
2300.736,0.004692
2301.507,0.006885
2302.277,0.007604
2303.048,0.005446
2303.818,0.005789
2304.589,0.005446
2305.359,0.006542
2306.13,0.005789
2306.9,0.004692
2307.671,0.006885
2308.441,0.0087
2309.212,0.006885
2309.982,0.008357
2310.753,0.006165
2311.523,0.006885
2312.294,0.011577
2313.064,0.020277
2313.835,0.01877
2314.605,0.020962
2315.376,0.023976
2316.146,0.020688
2316.917,0.016304
2317.688,0.009385
2318.458,0.005789
2319.229,0.008357
2319.999,0.009042
2320.77,0.007981
2321.54,0.009796
2322.311,0.019592
2323.081,0.03343
2323.852,0.04713
2324.622,0.078916
2325.393,0.063845
2326.163,0.039184
2326.934,0.02425
2327.704,0.019181
2328.475,0.013084
2329.245,0.007261
2330.016,0.005789
2330.786,0.004692
2331.557,0.00435
2332.327,0.005789
2333.098,0.005789
2333.868,0.005069
2334.639,0.005789
2335.409,0.005069
2336.18,0.005069
2336.95,0.00435
2337.721,0.004692
2338.491,0.005446
2339.262,0.006165
2340.032,0.010481
2340.803,0.014112
2341.573,0.011988
2342.344,0.011988
2343.114,0.005446
2343.885,0.002894
2344.655,0.002894
2345.426,0.002894
2346.196,0.003271
2346.967,0.003271
2347.737,0.003271
2348.508,0.00399
2349.278,0.003631
2350.049,0.003631
2350.819,0.005446
2351.59,0.005789
2352.36,0.006542
2353.131,0.005069
2353.901,0.005069
2354.672,0.005069
2355.442,0.006542
2356.213,0.007981
2356.983,0.012673
2357.754,0.0174
2358.524,0.020688
2359.295,0.019181
2360.065,0.010892
2360.836,0.004692
2361.606,0.008357
2362.377,0.014523
2363.147,0.018085
2363.918,0.031923
2364.688,0.027264
2365.459,0.013427
2366.229,0.005789
2367,0.00399
2367.771,0.004692
2368.541,0.005069
2369.312,0.005446
2370.082,0.008357
2370.853,0.011577
2371.623,0.016304
2372.394,0.019592
2373.164,0.016304
2373.935,0.016304
2374.705,0.014523
2375.476,0.022058
2376.246,0.01877
2377.017,0.012331
2377.787,0.0087
2378.558,0.007261
2379.328,0.005789
2380.099,0.00399
2380.869,0.003631
2381.64,0.004692
2382.41,0.00399
2383.181,0.003271
2383.951,0.003631
2384.722,0.002535
2385.492,0.004692
2386.263,0.005446
2387.033,0.00435
2387.804,0.005446
2388.574,0.008357
2389.345,0.010481
2390.115,0.010481
2390.886,0.007981
2391.656,0.005789
2392.427,0.00399
2393.197,0.00435
2393.968,0.002894
2394.738,0.005446
2395.509,0.005069
2396.279,0.00435
2397.05,0.005446
2397.82,0.007261
2398.591,0.006542
2399.361,0.005069
2400.132,0.003631
2400.902,0.003271
2401.673,0.005069
2402.443,0.004692
2403.214,0.00435
2403.984,0.005069
2404.755,0.005446
2405.525,0.005446
2406.296,0.005069
2407.066,0.006542
2407.837,0.007604
2408.607,0.007981
2409.378,0.007604
2410.148,0.006542
2410.919,0.006885
2411.689,0.012331
2412.46,0.015208
2413.23,0.025346
2414.001,0.020688
2414.771,0.017057
2415.542,0.011577
2416.313,0.007261
2417.083,0.005789
2417.854,0.007981
2418.624,0.009796
2419.395,0.010892
2420.165,0.015961
2420.936,0.026442
2421.706,0.02932
2422.477,0.030416
2423.247,0.040828
2424.018,0.032334
2424.788,0.022058
2425.559,0.013769
2426.329,0.007604
2427.1,0.006165
2427.87,0.005069
2428.641,0.003271
2429.411,0.00399
2430.182,0.0087
2430.952,0.013427
2431.723,0.011235
2432.493,0.009385
2433.264,0.006542
2434.034,0.004692
2434.805,0.004692
2435.575,0.00435
2436.346,0.002175
2437.116,0.007604
2437.887,0.007981
2438.657,0.012331
2439.428,0.015619
2440.198,0.014523
2440.969,0.011577
2441.739,0.005789
2442.51,0.00399
2443.28,0.003271
2444.051,0.003631
2444.821,0.003271
2445.592,0.003631
2446.362,0.003271
2447.133,0.002535
2447.903,0.002535
2448.674,0.003631
2449.444,0.006542
2450.215,0.005789
2450.985,0.00435
2451.756,0.002175
2452.526,0.00399
2453.297,0.004692
2454.067,0.00435
2454.838,0.005446
2455.608,0.006165
2456.379,0.005446
2457.149,0.005446
2457.92,0.00399
2458.69,0.002894
2459.461,0.003631
2460.231,0.002894
2461.002,0.002894
2461.772,0.003631
2462.543,0.007981
2463.313,0.006542
2464.084,0.004692
2464.854,0.002894